[
     {
          "Runs": "12",
          "Balls": "19",
          "Fours": "0",
          "Sixes": "0",
          "Strike Rate": "63.16",
          "Date": " Nov 1 2020",
          "Venue": " Abu Dhabi",
          "Opponent": "Chennai Super Kings ",
          "Result": "Super Kings won by 9 wickets (with 7 balls remaining)"
     }
][
     {
          "Runs": "20",
          "Balls": "20",
          "Fours": "2",
          "Sixes": "1",
          "Strike Rate": "100.00",
          "Date": " Oct 24 2020",
          "Venue": " Dubai",
          "Opponent": "Sunrisers Hyderabad ",
          "Result": "Kings XI won by 12 runs"
     }
][
     {
          "Runs": "24",
          "Balls": "21",
          "Fours": "1",
          "Sixes": "2",
          "Strike Rate": "114.29",
          "Date": " Oct 18 2020",
          "Venue": " Dubai",
          "Opponent": "Mumbai Indians ",
          "Result": "Match tied (Kings XI won the one-over eliminator)"
     }
][
     {
          "Runs": "99",
          "Balls": "63",
          "Fours": "6",
          "Sixes": "8",
          "Strike Rate": "157.14",
          "Date": " Oct 30 2020",
          "Venue": " Abu Dhabi",
          "Opponent": "Rajasthan Royals ",
          "Result": "Royals won by 7 wickets (with 15 balls remaining)"
     }
][
     {
          "Runs": "53",
          "Balls": "45",
          "Fours": "1",
          "Sixes": "5",
          "Strike Rate": "117.78",
          "Date": " Oct 15 2020",
          "Venue": " Sharjah",
          "Opponent": "Royal Challengers Bangalore ",
          "Result": "Kings XI won by 8 wickets"
     }
][
     {
          "Runs": "51",
          "Balls": "29",
          "Fours": "2",
          "Sixes": "5",
          "Strike Rate": "175.86",
          "Date": " Oct 26 2020",
          "Venue": " Sharjah",
          "Opponent": "Kolkata Knight Riders ",
          "Result": "Kings XI won by 8 wickets (with 7 balls remaining)"
     }
][
     {
          "Runs": "29",
          "Balls": "13",
          "Fours": "3",
          "Sixes": "2",
          "Strike Rate": "223.08",
          "Date": " Oct 20 2020",
          "Venue": " Dubai",
          "Opponent": "Delhi Capitals ",
          "Result": "Kings XI won by 5 wickets (with 6 balls remaining)"
     }
]