[
     {
          "Runs": "62",
          "Balls": "30",
          "Fours": "3",
          "Sixes": "4",
          "Strike Rate": "206.67",
          "Date": " Nov 1 2020",
          "Venue": " Abu Dhabi",
          "Opponent": "Chennai Super Kings ",
          "Result": "Super Kings won by 9 wickets (with 7 balls remaining)"
     }
][
     {
          "Runs": "0",
          "Balls": "2",
          "Fours": "0",
          "Sixes": "0",
          "Strike Rate": "0.00",
          "Date": " Oct 24 2020",
          "Venue": " Dubai",
          "Opponent": "Sunrisers Hyderabad ",
          "Result": "Kings XI won by 12 runs"
     }
][
     {
          "Runs": "23",
          "Balls": "16",
          "Fours": "1",
          "Sixes": "1",
          "Strike Rate": "143.75",
          "Date": " Oct 18 2020",
          "Venue": " Dubai",
          "Opponent": "Mumbai Indians ",
          "Result": "Match tied (Kings XI won the one-over eliminator)"
     }
][
     {
          "Runs": "1",
          "Balls": "1",
          "Fours": "0",
          "Sixes": "0",
          "Strike Rate": "100.00",
          "Date": " Oct 30 2020",
          "Venue": " Abu Dhabi",
          "Opponent": "Rajasthan Royals ",
          "Result": "Royals won by 7 wickets (with 15 balls remaining)"
     }
][
     {
          "Runs": "15",
          "Balls": "22",
          "Fours": "1",
          "Sixes": "0",
          "Strike Rate": "68.18",
          "Date": " Oct 20 2020",
          "Venue": " Dubai",
          "Opponent": "Delhi Capitals ",
          "Result": "Kings XI won by 5 wickets (with 6 balls remaining)"
     }
]