[
     {
          "Runs": "63",
          "Balls": "52",
          "Fours": "7",
          "Sixes": "1",
          "Strike Rate": "121.15",
          "Date": " Oct 4 2020",
          "Venue": " Dubai",
          "Opponent": "Chennai Super Kings ",
          "Result": "Super Kings won by 10 wickets (with 14 balls remaining)"
     }
][
     {
          "Runs": "11",
          "Balls": "16",
          "Fours": "0",
          "Sixes": "0",
          "Strike Rate": "68.75",
          "Date": " Oct 8 2020",
          "Venue": " Dubai",
          "Opponent": "Sunrisers Hyderabad ",
          "Result": "Sunrisers won by 69 runs"
     }
][
     {
          "Runs": "74",
          "Balls": "58",
          "Fours": "6",
          "Sixes": "0",
          "Strike Rate": "127.59",
          "Date": " Oct 10 2020",
          "Venue": " Abu Dhabi",
          "Opponent": "Kolkata Knight Riders ",
          "Result": "KKR won by 2 runs"
     }
]