[
     {
          "Runs": "20",
          "Balls": "14",
          "Fours": "1",
          "Sixes": "1",
          "Strike Rate": "142.86",
          "Date": " Sep 20 2020",
          "Venue": " Dubai",
          "Opponent": "Delhi Capitals ",
          "Result": "Match tied (Capitals won the one-over eliminator)"
     }
][
     {
          "Runs": "22",
          "Balls": "13",
          "Fours": "2",
          "Sixes": "1",
          "Strike Rate": "169.23",
          "Date": " Oct 1 2020",
          "Venue": " Abu Dhabi",
          "Opponent": "Mumbai Indians ",
          "Result": "Mum Indians won by 48 runs"
     }
]