[
     {
          "Runs": "14",
          "Balls": "15",
          "Fours": "1",
          "Sixes": "0",
          "Strike Rate": "93.33",
          "Date": " Nov 1 2020",
          "Venue": " Abu Dhabi",
          "Opponent": "Chennai Super Kings ",
          "Result": "Super Kings won by 9 wickets (with 7 balls remaining)"
     }
][
     {
          "Runs": "17",
          "Balls": "14",
          "Fours": "1",
          "Sixes": "0",
          "Strike Rate": "121.43",
          "Date": " Oct 24 2020",
          "Venue": " Dubai",
          "Opponent": "Sunrisers Hyderabad ",
          "Result": "Kings XI won by 12 runs"
     }
][
     {
          "Runs": "0",
          "Balls": "1",
          "Fours": "0",
          "Sixes": "0",
          "Strike Rate": "0.00",
          "Date": " Oct 30 2020",
          "Venue": " Abu Dhabi",
          "Opponent": "Rajasthan Royals ",
          "Result": "Royals won by 7 wickets (with 15 balls remaining)"
     }
][
     {
          "Runs": "27",
          "Balls": "16",
          "Fours": "0",
          "Sixes": "2",
          "Strike Rate": "168.75",
          "Date": " Oct 4 2020",
          "Venue": " Dubai",
          "Opponent": "Chennai Super Kings ",
          "Result": "Super Kings won by 10 wickets (with 14 balls remaining)"
     }
][
     {
          "Runs": "66",
          "Balls": "56",
          "Fours": "8",
          "Sixes": "2",
          "Strike Rate": "117.86",
          "Date": " Oct 26 2020",
          "Venue": " Sharjah",
          "Opponent": "Kolkata Knight Riders ",
          "Result": "Kings XI won by 8 wickets (with 7 balls remaining)"
     }
][
     {
          "Runs": "6",
          "Balls": "6",
          "Fours": "0",
          "Sixes": "0",
          "Strike Rate": "100.00",
          "Date": " Oct 8 2020",
          "Venue": " Dubai",
          "Opponent": "Sunrisers Hyderabad ",
          "Result": "Sunrisers won by 69 runs"
     }
][
     {
          "Runs": "0",
          "Balls": "1",
          "Fours": "0",
          "Sixes": "0",
          "Strike Rate": "0.00",
          "Date": " Oct 10 2020",
          "Venue": " Abu Dhabi",
          "Opponent": "Kolkata Knight Riders ",
          "Result": "KKR won by 2 runs"
     }
]