[
     {
          "Runs": "26",
          "Balls": "15",
          "Fours": "5",
          "Sixes": "0",
          "Strike Rate": "173.33",
          "Date": " Nov 1 2020",
          "Venue": " Abu Dhabi",
          "Opponent": "Chennai Super Kings ",
          "Result": "Super Kings won by 9 wickets (with 7 balls remaining)"
     }
][
     {
          "Runs": "11",
          "Balls": "10",
          "Fours": "1",
          "Sixes": "0",
          "Strike Rate": "110.00",
          "Date": " Oct 18 2020",
          "Venue": " Dubai",
          "Opponent": "Mumbai Indians ",
          "Result": "Match tied (Kings XI won the one-over eliminator)"
     }
][
     {
          "Runs": "89",
          "Balls": "60",
          "Fours": "7",
          "Sixes": "4",
          "Strike Rate": "148.33",
          "Date": " Sep 20 2020",
          "Venue": " Dubai",
          "Opponent": "Delhi Capitals ",
          "Result": "Match tied (Capitals won the one-over eliminator)"
     }
][
     {
          "Runs": "45",
          "Balls": "25",
          "Fours": "4",
          "Sixes": "3",
          "Strike Rate": "180.00",
          "Date": " Oct 15 2020",
          "Venue": " Sharjah",
          "Opponent": "Royal Challengers Bangalore ",
          "Result": "Kings XI won by 8 wickets"
     }
][
     {
          "Runs": "26",
          "Balls": "19",
          "Fours": "3",
          "Sixes": "0",
          "Strike Rate": "136.84",
          "Date": " Oct 4 2020",
          "Venue": " Dubai",
          "Opponent": "Chennai Super Kings ",
          "Result": "Super Kings won by 10 wickets (with 14 balls remaining)"
     }
][
     {
          "Runs": "106",
          "Balls": "50",
          "Fours": "10",
          "Sixes": "7",
          "Strike Rate": "212.00",
          "Date": " Sep 27 2020",
          "Venue": " Sharjah",
          "Opponent": "Rajasthan Royals ",
          "Result": "Royals won by 4 wickets (with 3 balls remaining)"
     }
][
     {
          "Runs": "25",
          "Balls": "18",
          "Fours": "3",
          "Sixes": "0",
          "Strike Rate": "138.89",
          "Date": " Oct 1 2020",
          "Venue": " Abu Dhabi",
          "Opponent": "Mumbai Indians ",
          "Result": "Mum Indians won by 48 runs"
     }
][
     {
          "Runs": "9",
          "Balls": "6",
          "Fours": "1",
          "Sixes": "0",
          "Strike Rate": "150.00",
          "Date": " Oct 8 2020",
          "Venue": " Dubai",
          "Opponent": "Sunrisers Hyderabad ",
          "Result": "Sunrisers won by 69 runs"
     }
][
     {
          "Runs": "56",
          "Balls": "39",
          "Fours": "6",
          "Sixes": "1",
          "Strike Rate": "143.59",
          "Date": " Oct 10 2020",
          "Venue": " Abu Dhabi",
          "Opponent": "Kolkata Knight Riders ",
          "Result": "KKR won by 2 runs"
     }
][
     {
          "Runs": "5",
          "Balls": "9",
          "Fours": "0",
          "Sixes": "0",
          "Strike Rate": "55.56",
          "Date": " Oct 20 2020",
          "Venue": " Dubai",
          "Opponent": "Delhi Capitals ",
          "Result": "Kings XI won by 5 wickets (with 6 balls remaining)"
     }
][
     {
          "Runs": "26",
          "Balls": "20",
          "Fours": "4",
          "Sixes": "0",
          "Strike Rate": "130.00",
          "Date": " Sep 24 2020",
          "Venue": " Dubai",
          "Opponent": "Royal Challengers Bangalore ",
          "Result": "Kings XI won by 97 runs"
     }
]