[
     {
          "Runs": "2",
          "Balls": "6",
          "Fours": "0",
          "Sixes": "0",
          "Strike Rate": "33.33",
          "Date": " Nov 1 2020",
          "Venue": " Abu Dhabi",
          "Opponent": "Chennai Super Kings ",
          "Result": "Super Kings won by 9 wickets (with 7 balls remaining)"
     }
][
     {
          "Runs": "32",
          "Balls": "28",
          "Fours": "2",
          "Sixes": "0",
          "Strike Rate": "114.29",
          "Date": " Oct 24 2020",
          "Venue": " Dubai",
          "Opponent": "Sunrisers Hyderabad ",
          "Result": "Kings XI won by 12 runs"
     }
][
     {
          "Runs": "24",
          "Balls": "12",
          "Fours": "2",
          "Sixes": "2",
          "Strike Rate": "200.00",
          "Date": " Oct 18 2020",
          "Venue": " Dubai",
          "Opponent": "Mumbai Indians ",
          "Result": "Match tied (Kings XI won the one-over eliminator)"
     }
][
     {
          "Runs": "0",
          "Balls": "3",
          "Fours": "0",
          "Sixes": "0",
          "Strike Rate": "0.00",
          "Date": " Sep 20 2020",
          "Venue": " Dubai",
          "Opponent": "Delhi Capitals ",
          "Result": "Match tied (Capitals won the one-over eliminator)"
     }
][
     {
          "Runs": "22",
          "Balls": "10",
          "Fours": "0",
          "Sixes": "3",
          "Strike Rate": "220.00",
          "Date": " Oct 30 2020",
          "Venue": " Abu Dhabi",
          "Opponent": "Rajasthan Royals ",
          "Result": "Royals won by 7 wickets (with 15 balls remaining)"
     }
][
     {
          "Runs": "6",
          "Balls": "1",
          "Fours": "0",
          "Sixes": "1",
          "Strike Rate": "600.00",
          "Date": " Oct 15 2020",
          "Venue": " Sharjah",
          "Opponent": "Royal Challengers Bangalore ",
          "Result": "Kings XI won by 8 wickets"
     }
][
     {
          "Runs": "2",
          "Balls": "3",
          "Fours": "0",
          "Sixes": "0",
          "Strike Rate": "66.67",
          "Date": " Oct 26 2020",
          "Venue": " Sharjah",
          "Opponent": "Kolkata Knight Riders ",
          "Result": "Kings XI won by 8 wickets (with 7 balls remaining)"
     }
][
     {
          "Runs": "25",
          "Balls": "8",
          "Fours": "1",
          "Sixes": "3",
          "Strike Rate": "312.50",
          "Date": " Sep 27 2020",
          "Venue": " Sharjah",
          "Opponent": "Rajasthan Royals ",
          "Result": "Royals won by 4 wickets (with 3 balls remaining)"
     }
][
     {
          "Runs": "44",
          "Balls": "27",
          "Fours": "3",
          "Sixes": "2",
          "Strike Rate": "162.96",
          "Date": " Oct 1 2020",
          "Venue": " Abu Dhabi",
          "Opponent": "Mumbai Indians ",
          "Result": "Mum Indians won by 48 runs"
     }
][
     {
          "Runs": "77",
          "Balls": "37",
          "Fours": "5",
          "Sixes": "7",
          "Strike Rate": "208.11",
          "Date": " Oct 8 2020",
          "Venue": " Dubai",
          "Opponent": "Sunrisers Hyderabad ",
          "Result": "Sunrisers won by 69 runs"
     }
][
     {
          "Runs": "16",
          "Balls": "10",
          "Fours": "2",
          "Sixes": "1",
          "Strike Rate": "160.00",
          "Date": " Oct 10 2020",
          "Venue": " Abu Dhabi",
          "Opponent": "Kolkata Knight Riders ",
          "Result": "KKR won by 2 runs"
     }
][
     {
          "Runs": "53",
          "Balls": "28",
          "Fours": "6",
          "Sixes": "3",
          "Strike Rate": "189.29",
          "Date": " Oct 20 2020",
          "Venue": " Dubai",
          "Opponent": "Delhi Capitals ",
          "Result": "Kings XI won by 5 wickets (with 6 balls remaining)"
     }
][
     {
          "Runs": "17",
          "Balls": "18",
          "Fours": "1",
          "Sixes": "0",
          "Strike Rate": "94.44",
          "Date": " Sep 24 2020",
          "Venue": " Dubai",
          "Opponent": "Royal Challengers Bangalore ",
          "Result": "Kings XI won by 97 runs"
     }
]