[
     {
          "Runs": "11",
          "Balls": "8",
          "Fours": "2",
          "Sixes": "0",
          "Strike Rate": "137.50",
          "Date": " Oct 8 2020",
          "Venue": " Dubai",
          "Opponent": "Sunrisers Hyderabad ",
          "Result": "Sunrisers won by 69 runs"
     }
][
     {
          "Runs": "4",
          "Balls": "7",
          "Fours": "0",
          "Sixes": "0",
          "Strike Rate": "57.14",
          "Date": " Oct 10 2020",
          "Venue": " Abu Dhabi",
          "Opponent": "Kolkata Knight Riders ",
          "Result": "KKR won by 2 runs"
     }
]