[
     {
          "Runs": "9",
          "Balls": "11",
          "Fours": "1",
          "Sixes": "0",
          "Strike Rate": "81.82",
          "Date": " Oct 18 2020",
          "Venue": " Abu Dhabi",
          "Opponent": "Sunrisers Hyderabad ",
          "Result": "Match tied (KKR won the one-over eliminator)"
     }
][
     {
          "Runs": "13",
          "Balls": "8",
          "Fours": "1",
          "Sixes": "1",
          "Strike Rate": "162.50",
          "Date": " Oct 3 2020",
          "Venue": " Sharjah",
          "Opponent": "Delhi Capitals ",
          "Result": "Capitals won by 18 runs"
     }
][
     {
          "Runs": "2",
          "Balls": "4",
          "Fours": "0",
          "Sixes": "0",
          "Strike Rate": "50.00",
          "Date": " Oct 7 2020",
          "Venue": " Abu Dhabi",
          "Opponent": "Chennai Super Kings ",
          "Result": "KKR won by 10 runs"
     }
][
     {
          "Runs": "11",
          "Balls": "11",
          "Fours": "2",
          "Sixes": "0",
          "Strike Rate": "100.00",
          "Date": " Sep 23 2020",
          "Venue": " Abu Dhabi",
          "Opponent": "Mumbai Indians ",
          "Result": "Mum Indians won by 49 runs"
     }
][
     {
          "Runs": "16",
          "Balls": "10",
          "Fours": "2",
          "Sixes": "1",
          "Strike Rate": "160.00",
          "Date": " Oct 12 2020",
          "Venue": " Sharjah",
          "Opponent": "Royal Challengers Bangalore ",
          "Result": "RCB won by 82 runs"
     }
][
     {
          "Runs": "5",
          "Balls": "3",
          "Fours": "1",
          "Sixes": "0",
          "Strike Rate": "166.67",
          "Date": " Oct 10 2020",
          "Venue": " Abu Dhabi",
          "Opponent": "Punjab Kings ",
          "Result": "KKR won by 2 runs"
     }
][
     {
          "Runs": "24",
          "Balls": "14",
          "Fours": "0",
          "Sixes": "3",
          "Strike Rate": "171.43",
          "Date": " Sep 30 2020",
          "Venue": " Dubai",
          "Opponent": "Rajasthan Royals ",
          "Result": "KKR won by 37 runs"
     }
][
     {
          "Runs": "25",
          "Balls": "11",
          "Fours": "1",
          "Sixes": "3",
          "Strike Rate": "227.27",
          "Date": " Nov 1 2020",
          "Venue": " Dubai",
          "Opponent": "Rajasthan Royals ",
          "Result": "KKR won by 60 runs"
     }
][
     {
          "Runs": "12",
          "Balls": "9",
          "Fours": "1",
          "Sixes": "1",
          "Strike Rate": "133.33",
          "Date": " Oct 16 2020",
          "Venue": " Abu Dhabi",
          "Opponent": "Mumbai Indians ",
          "Result": "Mum Indians won by 8 wickets (with 19 balls remaining)"
     }
]