[
     {
          "Runs": "6",
          "Balls": "8",
          "Fours": "0",
          "Sixes": "0",
          "Strike Rate": "75.00",
          "Date": " Oct 3 2020",
          "Venue": " Sharjah",
          "Opponent": "Delhi Capitals ",
          "Result": "Capitals won by 18 runs"
     }
][
     {
          "Runs": "12",
          "Balls": "11",
          "Fours": "1",
          "Sixes": "0",
          "Strike Rate": "109.09",
          "Date": " Oct 7 2020",
          "Venue": " Abu Dhabi",
          "Opponent": "Chennai Super Kings ",
          "Result": "KKR won by 10 runs"
     }
][
     {
          "Runs": "30",
          "Balls": "23",
          "Fours": "5",
          "Sixes": "0",
          "Strike Rate": "130.43",
          "Date": " Sep 23 2020",
          "Venue": " Abu Dhabi",
          "Opponent": "Mumbai Indians ",
          "Result": "Mum Indians won by 49 runs"
     }
][
     {
          "Runs": "1",
          "Balls": "2",
          "Fours": "0",
          "Sixes": "0",
          "Strike Rate": "50.00",
          "Date": " Oct 12 2020",
          "Venue": " Sharjah",
          "Opponent": "Royal Challengers Bangalore ",
          "Result": "RCB won by 82 runs"
     }
][
     {
          "Runs": "0",
          "Balls": "3",
          "Fours": "0",
          "Sixes": "0",
          "Strike Rate": "0.00",
          "Date": " Sep 26 2020",
          "Venue": " Abu Dhabi",
          "Opponent": "Sunrisers Hyderabad ",
          "Result": "KKR won by 7 wickets (with 12 balls remaining)"
     }
][
     {
          "Runs": "58",
          "Balls": "29",
          "Fours": "8",
          "Sixes": "2",
          "Strike Rate": "200.00",
          "Date": " Oct 10 2020",
          "Venue": " Abu Dhabi",
          "Opponent": "Punjab Kings ",
          "Result": "KKR won by 2 runs"
     }
][
     {
          "Runs": "1",
          "Balls": "3",
          "Fours": "0",
          "Sixes": "0",
          "Strike Rate": "33.33",
          "Date": " Sep 30 2020",
          "Venue": " Dubai",
          "Opponent": "Rajasthan Royals ",
          "Result": "KKR won by 37 runs"
     }
]