[
     {
          "Runs": "29",
          "Balls": "14",
          "Fours": "2",
          "Sixes": "2",
          "Strike Rate": "207.14",
          "Date": " Oct 18 2020",
          "Venue": " Abu Dhabi",
          "Opponent": "Sunrisers Hyderabad ",
          "Result": "Match tied (KKR won the one-over eliminator)"
     }
][
     {
          "Runs": "0",
          "Balls": "2",
          "Fours": "0",
          "Sixes": "0",
          "Strike Rate": "0.00",
          "Date": " Oct 26 2020",
          "Venue": " Sharjah",
          "Opponent": "Punjab Kings ",
          "Result": "Kings XI won by 8 wickets (with 7 balls remaining)"
     }
][
     {
          "Runs": "3",
          "Balls": "6",
          "Fours": "0",
          "Sixes": "0",
          "Strike Rate": "50.00",
          "Date": " Oct 24 2020",
          "Venue": " Abu Dhabi",
          "Opponent": "Delhi Capitals ",
          "Result": "KKR won by 59 runs"
     }
][
     {
          "Runs": "21",
          "Balls": "10",
          "Fours": "3",
          "Sixes": "0",
          "Strike Rate": "210.00",
          "Date": " Oct 29 2020",
          "Venue": " Dubai",
          "Opponent": "Chennai Super Kings ",
          "Result": "Super Kings won by 6 wickets"
     }
][
     {
          "Runs": "4",
          "Balls": "14",
          "Fours": "0",
          "Sixes": "0",
          "Strike Rate": "28.57",
          "Date": " Oct 21 2020",
          "Venue": " Abu Dhabi",
          "Opponent": "Royal Challengers Bangalore ",
          "Result": "RCB won by 8 wickets (with 39 balls remaining)"
     }
][
     {
          "Runs": "0",
          "Balls": "1",
          "Fours": "0",
          "Sixes": "0",
          "Strike Rate": "0.00",
          "Date": " Nov 1 2020",
          "Venue": " Dubai",
          "Opponent": "Rajasthan Royals ",
          "Result": "KKR won by 60 runs"
     }
][
     {
          "Runs": "4",
          "Balls": "8",
          "Fours": "1",
          "Sixes": "0",
          "Strike Rate": "50.00",
          "Date": " Oct 16 2020",
          "Venue": " Abu Dhabi",
          "Opponent": "Mumbai Indians ",
          "Result": "Mum Indians won by 8 wickets (with 19 balls remaining)"
     }
]