[
     {
          "Runs": "44",
          "Balls": "18",
          "Fours": "1",
          "Sixes": "5",
          "Strike Rate": "244.44",
          "Date": " Oct 3 2020",
          "Venue": " Sharjah",
          "Opponent": "Delhi Capitals ",
          "Result": "Capitals won by 18 runs"
     }
][
     {
          "Runs": "7",
          "Balls": "10",
          "Fours": "1",
          "Sixes": "0",
          "Strike Rate": "70.00",
          "Date": " Oct 7 2020",
          "Venue": " Abu Dhabi",
          "Opponent": "Chennai Super Kings ",
          "Result": "KKR won by 10 runs"
     }
][
     {
          "Runs": "16",
          "Balls": "20",
          "Fours": "1",
          "Sixes": "1",
          "Strike Rate": "80.00",
          "Date": " Sep 23 2020",
          "Venue": " Abu Dhabi",
          "Opponent": "Mumbai Indians ",
          "Result": "Mum Indians won by 49 runs"
     }
][
     {
          "Runs": "8",
          "Balls": "12",
          "Fours": "1",
          "Sixes": "0",
          "Strike Rate": "66.67",
          "Date": " Oct 12 2020",
          "Venue": " Sharjah",
          "Opponent": "Royal Challengers Bangalore ",
          "Result": "RCB won by 82 runs"
     }
][
     {
          "Runs": "42",
          "Balls": "29",
          "Fours": "3",
          "Sixes": "2",
          "Strike Rate": "144.83",
          "Date": " Sep 26 2020",
          "Venue": " Abu Dhabi",
          "Opponent": "Sunrisers Hyderabad ",
          "Result": "KKR won by 7 wickets (with 12 balls remaining)"
     }
][
     {
          "Runs": "24",
          "Balls": "23",
          "Fours": "2",
          "Sixes": "1",
          "Strike Rate": "104.35",
          "Date": " Oct 10 2020",
          "Venue": " Abu Dhabi",
          "Opponent": "Punjab Kings ",
          "Result": "KKR won by 2 runs"
     }
][
     {
          "Runs": "34",
          "Balls": "23",
          "Fours": "1",
          "Sixes": "2",
          "Strike Rate": "147.83",
          "Date": " Sep 30 2020",
          "Venue": " Dubai",
          "Opponent": "Rajasthan Royals ",
          "Result": "KKR won by 37 runs"
     }
]