[
     {
          "Runs": "34",
          "Balls": "23",
          "Fours": "3",
          "Sixes": "1",
          "Strike Rate": "147.83",
          "Date": " Oct 18 2020",
          "Venue": " Abu Dhabi",
          "Opponent": "Sunrisers Hyderabad ",
          "Result": "Match tied (KKR won the one-over eliminator)"
     }
][
     {
          "Runs": "40",
          "Balls": "25",
          "Fours": "5",
          "Sixes": "2",
          "Strike Rate": "160.00",
          "Date": " Oct 26 2020",
          "Venue": " Sharjah",
          "Opponent": "Punjab Kings ",
          "Result": "Kings XI won by 8 wickets (with 7 balls remaining)"
     }
][
     {
          "Runs": "17",
          "Balls": "9",
          "Fours": "2",
          "Sixes": "1",
          "Strike Rate": "188.89",
          "Date": " Oct 24 2020",
          "Venue": " Abu Dhabi",
          "Opponent": "Delhi Capitals ",
          "Result": "KKR won by 59 runs"
     }
][
     {
          "Runs": "15",
          "Balls": "12",
          "Fours": "2",
          "Sixes": "0",
          "Strike Rate": "125.00",
          "Date": " Oct 29 2020",
          "Venue": " Dubai",
          "Opponent": "Chennai Super Kings ",
          "Result": "Super Kings won by 6 wickets"
     }
][
     {
          "Runs": "30",
          "Balls": "34",
          "Fours": "3",
          "Sixes": "1",
          "Strike Rate": "88.24",
          "Date": " Oct 21 2020",
          "Venue": " Abu Dhabi",
          "Opponent": "Royal Challengers Bangalore ",
          "Result": "RCB won by 8 wickets (with 39 balls remaining)"
     }
][
     {
          "Runs": "68",
          "Balls": "35",
          "Fours": "5",
          "Sixes": "6",
          "Strike Rate": "194.29",
          "Date": " Nov 1 2020",
          "Venue": " Dubai",
          "Opponent": "Rajasthan Royals ",
          "Result": "KKR won by 60 runs"
     }
][
     {
          "Runs": "39",
          "Balls": "29",
          "Fours": "2",
          "Sixes": "2",
          "Strike Rate": "134.48",
          "Date": " Oct 16 2020",
          "Venue": " Abu Dhabi",
          "Opponent": "Mumbai Indians ",
          "Result": "Mum Indians won by 8 wickets (with 19 balls remaining)"
     }
]