[
     {
          "Runs": "1",
          "Balls": "2",
          "Fours": "0",
          "Sixes": "0",
          "Strike Rate": "50.00",
          "Date": " Sep 23 2020",
          "Venue": " Abu Dhabi",
          "Opponent": "Mumbai Indians ",
          "Result": "Mum Indians won by 49 runs"
     }
][
     {
          "Runs": "12",
          "Balls": "19",
          "Fours": "1",
          "Sixes": "0",
          "Strike Rate": "63.16",
          "Date": " Oct 21 2020",
          "Venue": " Abu Dhabi",
          "Opponent": "Royal Challengers Bangalore ",
          "Result": "RCB won by 8 wickets (with 39 balls remaining)"
     }
]