[
     {
          "Runs": "24",
          "Balls": "13",
          "Fours": "3",
          "Sixes": "1",
          "Strike Rate": "184.62",
          "Date": " Oct 26 2020",
          "Venue": " Sharjah",
          "Opponent": "Punjab Kings ",
          "Result": "Kings XI won by 8 wickets (with 7 balls remaining)"
     }
][
     {
          "Runs": "19",
          "Balls": "16",
          "Fours": "1",
          "Sixes": "0",
          "Strike Rate": "118.75",
          "Date": " Oct 21 2020",
          "Venue": " Abu Dhabi",
          "Opponent": "Royal Challengers Bangalore ",
          "Result": "RCB won by 8 wickets (with 39 balls remaining)"
     }
]