[
     {
          "Runs": "29",
          "Balls": "20",
          "Fours": "3",
          "Sixes": "1",
          "Strike Rate": "145.00",
          "Date": " Oct 18 2020",
          "Venue": " Abu Dhabi",
          "Opponent": "Sunrisers Hyderabad ",
          "Result": "Match tied (KKR won the one-over eliminator)"
     }
][
     {
          "Runs": "58",
          "Balls": "35",
          "Fours": "4",
          "Sixes": "4",
          "Strike Rate": "165.71",
          "Date": " Oct 3 2020",
          "Venue": " Sharjah",
          "Opponent": "Delhi Capitals ",
          "Result": "Capitals won by 18 runs"
     }
][
     {
          "Runs": "9",
          "Balls": "10",
          "Fours": "1",
          "Sixes": "0",
          "Strike Rate": "90.00",
          "Date": " Oct 7 2020",
          "Venue": " Abu Dhabi",
          "Opponent": "Chennai Super Kings ",
          "Result": "KKR won by 10 runs"
     }
][
     {
          "Runs": "24",
          "Balls": "18",
          "Fours": "2",
          "Sixes": "1",
          "Strike Rate": "133.33",
          "Date": " Sep 23 2020",
          "Venue": " Abu Dhabi",
          "Opponent": "Mumbai Indians ",
          "Result": "Mum Indians won by 49 runs"
     }
][
     {
          "Runs": "0",
          "Balls": "1",
          "Fours": "0",
          "Sixes": "0",
          "Strike Rate": "0.00",
          "Date": " Oct 26 2020",
          "Venue": " Sharjah",
          "Opponent": "Punjab Kings ",
          "Result": "Kings XI won by 8 wickets (with 7 balls remaining)"
     }
][
     {
          "Runs": "81",
          "Balls": "53",
          "Fours": "13",
          "Sixes": "1",
          "Strike Rate": "152.83",
          "Date": " Oct 24 2020",
          "Venue": " Abu Dhabi",
          "Opponent": "Delhi Capitals ",
          "Result": "KKR won by 59 runs"
     }
][
     {
          "Runs": "9",
          "Balls": "14",
          "Fours": "1",
          "Sixes": "0",
          "Strike Rate": "64.29",
          "Date": " Oct 12 2020",
          "Venue": " Sharjah",
          "Opponent": "Royal Challengers Bangalore ",
          "Result": "RCB won by 82 runs"
     }
][
     {
          "Runs": "87",
          "Balls": "61",
          "Fours": "10",
          "Sixes": "4",
          "Strike Rate": "142.62",
          "Date": " Oct 29 2020",
          "Venue": " Dubai",
          "Opponent": "Chennai Super Kings ",
          "Result": "Super Kings won by 6 wickets"
     }
][
     {
          "Runs": "0",
          "Balls": "1",
          "Fours": "0",
          "Sixes": "0",
          "Strike Rate": "0.00",
          "Date": " Oct 21 2020",
          "Venue": " Abu Dhabi",
          "Opponent": "Royal Challengers Bangalore ",
          "Result": "RCB won by 8 wickets (with 39 balls remaining)"
     }
][
     {
          "Runs": "26",
          "Balls": "13",
          "Fours": "6",
          "Sixes": "0",
          "Strike Rate": "200.00",
          "Date": " Sep 26 2020",
          "Venue": " Abu Dhabi",
          "Opponent": "Sunrisers Hyderabad ",
          "Result": "KKR won by 7 wickets (with 12 balls remaining)"
     }
][
     {
          "Runs": "2",
          "Balls": "4",
          "Fours": "0",
          "Sixes": "0",
          "Strike Rate": "50.00",
          "Date": " Oct 10 2020",
          "Venue": " Abu Dhabi",
          "Opponent": "Punjab Kings ",
          "Result": "KKR won by 2 runs"
     }
][
     {
          "Runs": "22",
          "Balls": "17",
          "Fours": "2",
          "Sixes": "1",
          "Strike Rate": "129.41",
          "Date": " Sep 30 2020",
          "Venue": " Dubai",
          "Opponent": "Rajasthan Royals ",
          "Result": "KKR won by 37 runs"
     }
][
     {
          "Runs": "0",
          "Balls": "1",
          "Fours": "0",
          "Sixes": "0",
          "Strike Rate": "0.00",
          "Date": " Nov 1 2020",
          "Venue": " Dubai",
          "Opponent": "Rajasthan Royals ",
          "Result": "KKR won by 60 runs"
     }
][
     {
          "Runs": "5",
          "Balls": "6",
          "Fours": "1",
          "Sixes": "0",
          "Strike Rate": "83.33",
          "Date": " Oct 16 2020",
          "Venue": " Abu Dhabi",
          "Opponent": "Mumbai Indians ",
          "Result": "Mum Indians won by 8 wickets (with 19 balls remaining)"
     }
]