[
     {
          "Runs": "5",
          "Balls": "4",
          "Fours": "1",
          "Sixes": "0",
          "Strike Rate": "125.00",
          "Date": " Oct 3 2020",
          "Venue": " Sharjah",
          "Opponent": "Delhi Capitals ",
          "Result": "Capitals won by 18 runs"
     }
][
     {
          "Runs": "17",
          "Balls": "9",
          "Fours": "1",
          "Sixes": "1",
          "Strike Rate": "188.89",
          "Date": " Oct 7 2020",
          "Venue": " Abu Dhabi",
          "Opponent": "Chennai Super Kings ",
          "Result": "KKR won by 10 runs"
     }
][
     {
          "Runs": "33",
          "Balls": "12",
          "Fours": "1",
          "Sixes": "4",
          "Strike Rate": "275.00",
          "Date": " Sep 23 2020",
          "Venue": " Abu Dhabi",
          "Opponent": "Mumbai Indians ",
          "Result": "Mum Indians won by 49 runs"
     }
][
     {
          "Runs": "1",
          "Balls": "8",
          "Fours": "0",
          "Sixes": "0",
          "Strike Rate": "12.50",
          "Date": " Oct 26 2020",
          "Venue": " Sharjah",
          "Opponent": "Punjab Kings ",
          "Result": "Kings XI won by 8 wickets (with 7 balls remaining)"
     }
][
     {
          "Runs": "0",
          "Balls": "0",
          "Fours": "0",
          "Sixes": "0",
          "Strike Rate": "0.00",
          "Date": " Oct 24 2020",
          "Venue": " Abu Dhabi",
          "Opponent": "Delhi Capitals ",
          "Result": "KKR won by 59 runs"
     }
][
     {
          "Runs": "1",
          "Balls": "3",
          "Fours": "0",
          "Sixes": "0",
          "Strike Rate": "33.33",
          "Date": " Oct 12 2020",
          "Venue": " Sharjah",
          "Opponent": "Royal Challengers Bangalore ",
          "Result": "RCB won by 82 runs"
     }
][
     {
          "Runs": "4",
          "Balls": "17",
          "Fours": "0",
          "Sixes": "0",
          "Strike Rate": "23.53",
          "Date": " Oct 21 2020",
          "Venue": " Abu Dhabi",
          "Opponent": "Royal Challengers Bangalore ",
          "Result": "RCB won by 8 wickets (with 39 balls remaining)"
     }
][
     {
          "Runs": "5",
          "Balls": "4",
          "Fours": "0",
          "Sixes": "0",
          "Strike Rate": "125.00",
          "Date": " Oct 10 2020",
          "Venue": " Abu Dhabi",
          "Opponent": "Punjab Kings ",
          "Result": "KKR won by 2 runs"
     }
][
     {
          "Runs": "12",
          "Balls": "10",
          "Fours": "1",
          "Sixes": "0",
          "Strike Rate": "120.00",
          "Date": " Sep 30 2020",
          "Venue": " Dubai",
          "Opponent": "Rajasthan Royals ",
          "Result": "KKR won by 37 runs"
     }
][
     {
          "Runs": "15",
          "Balls": "11",
          "Fours": "0",
          "Sixes": "1",
          "Strike Rate": "136.36",
          "Date": " Nov 1 2020",
          "Venue": " Dubai",
          "Opponent": "Rajasthan Royals ",
          "Result": "KKR won by 60 runs"
     }
][
     {
          "Runs": "53",
          "Balls": "36",
          "Fours": "5",
          "Sixes": "2",
          "Strike Rate": "147.22",
          "Date": " Oct 16 2020",
          "Venue": " Abu Dhabi",
          "Opponent": "Mumbai Indians ",
          "Result": "Mum Indians won by 8 wickets (with 19 balls remaining)"
     }
]