[
     {
          "Runs": "23",
          "Balls": "16",
          "Fours": "2",
          "Sixes": "1",
          "Strike Rate": "143.75",
          "Date": " Oct 18 2020",
          "Venue": " Abu Dhabi",
          "Opponent": "Sunrisers Hyderabad ",
          "Result": "Match tied (KKR won the one-over eliminator)"
     }
][
     {
          "Runs": "36",
          "Balls": "16",
          "Fours": "3",
          "Sixes": "3",
          "Strike Rate": "225.00",
          "Date": " Oct 3 2020",
          "Venue": " Sharjah",
          "Opponent": "Delhi Capitals ",
          "Result": "Capitals won by 18 runs"
     }
][
     {
          "Runs": "81",
          "Balls": "51",
          "Fours": "8",
          "Sixes": "3",
          "Strike Rate": "158.82",
          "Date": " Oct 7 2020",
          "Venue": " Abu Dhabi",
          "Opponent": "Chennai Super Kings ",
          "Result": "KKR won by 10 runs"
     }
][
     {
          "Runs": "7",
          "Balls": "4",
          "Fours": "0",
          "Sixes": "1",
          "Strike Rate": "175.00",
          "Date": " Oct 26 2020",
          "Venue": " Sharjah",
          "Opponent": "Punjab Kings ",
          "Result": "Kings XI won by 8 wickets (with 7 balls remaining)"
     }
][
     {
          "Runs": "13",
          "Balls": "12",
          "Fours": "1",
          "Sixes": "0",
          "Strike Rate": "108.33",
          "Date": " Oct 24 2020",
          "Venue": " Abu Dhabi",
          "Opponent": "Delhi Capitals ",
          "Result": "KKR won by 59 runs"
     }
][
     {
          "Runs": "16",
          "Balls": "22",
          "Fours": "1",
          "Sixes": "0",
          "Strike Rate": "72.73",
          "Date": " Oct 12 2020",
          "Venue": " Sharjah",
          "Opponent": "Royal Challengers Bangalore ",
          "Result": "RCB won by 82 runs"
     }
][
     {
          "Runs": "3",
          "Balls": "2",
          "Fours": "0",
          "Sixes": "0",
          "Strike Rate": "150.00",
          "Date": " Oct 29 2020",
          "Venue": " Dubai",
          "Opponent": "Chennai Super Kings ",
          "Result": "Super Kings won by 6 wickets"
     }
][
     {
          "Runs": "1",
          "Balls": "5",
          "Fours": "0",
          "Sixes": "0",
          "Strike Rate": "20.00",
          "Date": " Oct 21 2020",
          "Venue": " Abu Dhabi",
          "Opponent": "Royal Challengers Bangalore ",
          "Result": "RCB won by 8 wickets (with 39 balls remaining)"
     }
][
     {
          "Runs": "4",
          "Balls": "10",
          "Fours": "1",
          "Sixes": "0",
          "Strike Rate": "40.00",
          "Date": " Oct 10 2020",
          "Venue": " Abu Dhabi",
          "Opponent": "Punjab Kings ",
          "Result": "KKR won by 2 runs"
     }
][
     {
          "Runs": "39",
          "Balls": "34",
          "Fours": "4",
          "Sixes": "2",
          "Strike Rate": "114.71",
          "Date": " Nov 1 2020",
          "Venue": " Dubai",
          "Opponent": "Rajasthan Royals ",
          "Result": "KKR won by 60 runs"
     }
][
     {
          "Runs": "7",
          "Balls": "9",
          "Fours": "1",
          "Sixes": "0",
          "Strike Rate": "77.78",
          "Date": " Oct 16 2020",
          "Venue": " Abu Dhabi",
          "Opponent": "Mumbai Indians ",
          "Result": "Mum Indians won by 8 wickets (with 19 balls remaining)"
     }
]