[
     {
          "Runs": "36",
          "Balls": "37",
          "Fours": "5",
          "Sixes": "0",
          "Strike Rate": "97.30",
          "Date": " Oct 18 2020",
          "Venue": " Abu Dhabi",
          "Opponent": "Sunrisers Hyderabad ",
          "Result": "Match tied (KKR won the one-over eliminator)"
     }
][
     {
          "Runs": "28",
          "Balls": "22",
          "Fours": "2",
          "Sixes": "1",
          "Strike Rate": "127.27",
          "Date": " Oct 3 2020",
          "Venue": " Sharjah",
          "Opponent": "Delhi Capitals ",
          "Result": "Capitals won by 18 runs"
     }
][
     {
          "Runs": "11",
          "Balls": "12",
          "Fours": "1",
          "Sixes": "0",
          "Strike Rate": "91.67",
          "Date": " Oct 7 2020",
          "Venue": " Abu Dhabi",
          "Opponent": "Chennai Super Kings ",
          "Result": "KKR won by 10 runs"
     }
][
     {
          "Runs": "7",
          "Balls": "11",
          "Fours": "1",
          "Sixes": "0",
          "Strike Rate": "63.64",
          "Date": " Sep 23 2020",
          "Venue": " Abu Dhabi",
          "Opponent": "Mumbai Indians ",
          "Result": "Mum Indians won by 49 runs"
     }
][
     {
          "Runs": "57",
          "Balls": "45",
          "Fours": "3",
          "Sixes": "4",
          "Strike Rate": "126.67",
          "Date": " Oct 26 2020",
          "Venue": " Sharjah",
          "Opponent": "Punjab Kings ",
          "Result": "Kings XI won by 8 wickets (with 7 balls remaining)"
     }
][
     {
          "Runs": "9",
          "Balls": "8",
          "Fours": "2",
          "Sixes": "0",
          "Strike Rate": "112.50",
          "Date": " Oct 24 2020",
          "Venue": " Abu Dhabi",
          "Opponent": "Delhi Capitals ",
          "Result": "KKR won by 59 runs"
     }
][
     {
          "Runs": "34",
          "Balls": "25",
          "Fours": "3",
          "Sixes": "1",
          "Strike Rate": "136.00",
          "Date": " Oct 12 2020",
          "Venue": " Sharjah",
          "Opponent": "Royal Challengers Bangalore ",
          "Result": "RCB won by 82 runs"
     }
][
     {
          "Runs": "26",
          "Balls": "17",
          "Fours": "4",
          "Sixes": "0",
          "Strike Rate": "152.94",
          "Date": " Oct 29 2020",
          "Venue": " Dubai",
          "Opponent": "Chennai Super Kings ",
          "Result": "Super Kings won by 6 wickets"
     }
][
     {
          "Runs": "1",
          "Balls": "6",
          "Fours": "0",
          "Sixes": "0",
          "Strike Rate": "16.67",
          "Date": " Oct 21 2020",
          "Venue": " Abu Dhabi",
          "Opponent": "Royal Challengers Bangalore ",
          "Result": "RCB won by 8 wickets (with 39 balls remaining)"
     }
][
     {
          "Runs": "70",
          "Balls": "62",
          "Fours": "5",
          "Sixes": "2",
          "Strike Rate": "112.90",
          "Date": " Sep 26 2020",
          "Venue": " Abu Dhabi",
          "Opponent": "Sunrisers Hyderabad ",
          "Result": "KKR won by 7 wickets (with 12 balls remaining)"
     }
][
     {
          "Runs": "57",
          "Balls": "47",
          "Fours": "5",
          "Sixes": "0",
          "Strike Rate": "121.28",
          "Date": " Oct 10 2020",
          "Venue": " Abu Dhabi",
          "Opponent": "Punjab Kings ",
          "Result": "KKR won by 2 runs"
     }
][
     {
          "Runs": "47",
          "Balls": "34",
          "Fours": "5",
          "Sixes": "1",
          "Strike Rate": "138.24",
          "Date": " Sep 30 2020",
          "Venue": " Dubai",
          "Opponent": "Rajasthan Royals ",
          "Result": "KKR won by 37 runs"
     }
][
     {
          "Runs": "36",
          "Balls": "24",
          "Fours": "6",
          "Sixes": "0",
          "Strike Rate": "150.00",
          "Date": " Nov 1 2020",
          "Venue": " Dubai",
          "Opponent": "Rajasthan Royals ",
          "Result": "KKR won by 60 runs"
     }
][
     {
          "Runs": "21",
          "Balls": "23",
          "Fours": "2",
          "Sixes": "0",
          "Strike Rate": "91.30",
          "Date": " Oct 16 2020",
          "Venue": " Abu Dhabi",
          "Opponent": "Mumbai Indians ",
          "Result": "Mum Indians won by 8 wickets (with 19 balls remaining)"
     }
]