[
     {
          "Runs": "3",
          "Balls": "5",
          "Fours": "0",
          "Sixes": "0",
          "Strike Rate": "60.00",
          "Date": " Oct 3 2020",
          "Venue": " Sharjah",
          "Opponent": "Delhi Capitals ",
          "Result": "Capitals won by 18 runs"
     }
][
     {
          "Runs": "17",
          "Balls": "9",
          "Fours": "1",
          "Sixes": "1",
          "Strike Rate": "188.89",
          "Date": " Oct 7 2020",
          "Venue": " Abu Dhabi",
          "Opponent": "Chennai Super Kings ",
          "Result": "KKR won by 10 runs"
     }
][
     {
          "Runs": "9",
          "Balls": "10",
          "Fours": "0",
          "Sixes": "1",
          "Strike Rate": "90.00",
          "Date": " Sep 23 2020",
          "Venue": " Abu Dhabi",
          "Opponent": "Mumbai Indians ",
          "Result": "Mum Indians won by 49 runs"
     }
][
     {
          "Runs": "6",
          "Balls": "4",
          "Fours": "1",
          "Sixes": "0",
          "Strike Rate": "150.00",
          "Date": " Oct 26 2020",
          "Venue": " Sharjah",
          "Opponent": "Punjab Kings ",
          "Result": "Kings XI won by 8 wickets (with 7 balls remaining)"
     }
][
     {
          "Runs": "64",
          "Balls": "32",
          "Fours": "6",
          "Sixes": "4",
          "Strike Rate": "200.00",
          "Date": " Oct 24 2020",
          "Venue": " Abu Dhabi",
          "Opponent": "Delhi Capitals ",
          "Result": "KKR won by 59 runs"
     }
][
     {
          "Runs": "7",
          "Balls": "7",
          "Fours": "0",
          "Sixes": "1",
          "Strike Rate": "100.00",
          "Date": " Oct 29 2020",
          "Venue": " Dubai",
          "Opponent": "Chennai Super Kings ",
          "Result": "Super Kings won by 6 wickets"
     }
][
     {
          "Runs": "0",
          "Balls": "2",
          "Fours": "0",
          "Sixes": "0",
          "Strike Rate": "0.00",
          "Date": " Sep 26 2020",
          "Venue": " Abu Dhabi",
          "Opponent": "Sunrisers Hyderabad ",
          "Result": "KKR won by 7 wickets (with 12 balls remaining)"
     }
][
     {
          "Runs": "15",
          "Balls": "14",
          "Fours": "2",
          "Sixes": "1",
          "Strike Rate": "107.14",
          "Date": " Sep 30 2020",
          "Venue": " Dubai",
          "Opponent": "Rajasthan Royals ",
          "Result": "KKR won by 37 runs"
     }
][
     {
          "Runs": "0",
          "Balls": "2",
          "Fours": "0",
          "Sixes": "0",
          "Strike Rate": "0.00",
          "Date": " Nov 1 2020",
          "Venue": " Dubai",
          "Opponent": "Rajasthan Royals ",
          "Result": "KKR won by 60 runs"
     }
]