[
     {
          "Runs": "2",
          "Balls": "9",
          "Fours": "0",
          "Sixes": "0",
          "Strike Rate": "22.22",
          "Date": " Oct 10 2020",
          "Venue": " Dubai",
          "Opponent": "Chennai Super Kings ",
          "Result": "RCB won by 37 runs"
     }
][
     {
          "Runs": "8",
          "Balls": "7",
          "Fours": "2",
          "Sixes": "0",
          "Strike Rate": "114.29",
          "Date": " Oct 3 2020",
          "Venue": " Abu Dhabi",
          "Opponent": "Rajasthan Royals ",
          "Result": "RCB won by 8 wickets (with 5 balls remaining)"
     }
][
     {
          "Runs": "32",
          "Balls": "30",
          "Fours": "3",
          "Sixes": "1",
          "Strike Rate": "106.67",
          "Date": " Nov 6 2020",
          "Venue": " Abu Dhabi",
          "Opponent": "Sunrisers Hyderabad ",
          "Result": "Sunrisers won by 6 wickets (with 2 balls remaining)"
     }
][
     {
          "Runs": "52",
          "Balls": "35",
          "Fours": "7",
          "Sixes": "1",
          "Strike Rate": "148.57",
          "Date": " Sep 28 2020",
          "Venue": " Dubai",
          "Opponent": "Mumbai Indians ",
          "Result": "Match tied (RCB won the one-over eliminator)"
     }
][
     {
          "Runs": "15",
          "Balls": "11",
          "Fours": "3",
          "Sixes": "0",
          "Strike Rate": "136.36",
          "Date": " Oct 25 2020",
          "Venue": " Dubai",
          "Opponent": "Chennai Super Kings ",
          "Result": "Super Kings won by 8 wickets (with 8 balls remaining)"
     }
][
     {
          "Runs": "20",
          "Balls": "18",
          "Fours": "2",
          "Sixes": "1",
          "Strike Rate": "111.11",
          "Date": " Oct 15 2020",
          "Venue": " Sharjah",
          "Opponent": "Punjab Kings ",
          "Result": "Kings XI won by 8 wickets"
     }
][
     {
          "Runs": "14",
          "Balls": "11",
          "Fours": "0",
          "Sixes": "2",
          "Strike Rate": "127.27",
          "Date": " Oct 17 2020",
          "Venue": " Dubai",
          "Opponent": "Rajasthan Royals ",
          "Result": "RCB won by 7 wickets (with 2 balls remaining)"
     }
][
     {
          "Runs": "47",
          "Balls": "37",
          "Fours": "4",
          "Sixes": "1",
          "Strike Rate": "127.03",
          "Date": " Oct 12 2020",
          "Venue": " Sharjah",
          "Opponent": "Kolkata Knight Riders ",
          "Result": "RCB won by 82 runs"
     }
][
     {
          "Runs": "16",
          "Balls": "21",
          "Fours": "2",
          "Sixes": "0",
          "Strike Rate": "76.19",
          "Date": " Oct 21 2020",
          "Venue": " Abu Dhabi",
          "Opponent": "Kolkata Knight Riders ",
          "Result": "RCB won by 8 wickets (with 39 balls remaining)"
     }
][
     {
          "Runs": "13",
          "Balls": "14",
          "Fours": "1",
          "Sixes": "0",
          "Strike Rate": "92.86",
          "Date": " Oct 5 2020",
          "Venue": " Dubai",
          "Opponent": "Delhi Capitals ",
          "Result": "Capitals won by 59 runs"
     }
][
     {
          "Runs": "29",
          "Balls": "27",
          "Fours": "1",
          "Sixes": "2",
          "Strike Rate": "107.41",
          "Date": " Sep 21 2020",
          "Venue": " Dubai",
          "Opponent": "Sunrisers Hyderabad ",
          "Result": "RCB won by 10 runs"
     }
][
     {
          "Runs": "20",
          "Balls": "21",
          "Fours": "3",
          "Sixes": "0",
          "Strike Rate": "95.24",
          "Date": " Sep 24 2020",
          "Venue": " Dubai",
          "Opponent": "Punjab Kings ",
          "Result": "Kings XI won by 97 runs"
     }
]