[
     {
          "Runs": "0",
          "Balls": "2",
          "Fours": "0",
          "Sixes": "0",
          "Strike Rate": "0.00",
          "Date": " Oct 10 2020",
          "Venue": " Dubai",
          "Opponent": "Chennai Super Kings ",
          "Result": "RCB won by 37 runs"
     }
][
     {
          "Runs": "12",
          "Balls": "10",
          "Fours": "1",
          "Sixes": "0",
          "Strike Rate": "120.00",
          "Date": " Oct 3 2020",
          "Venue": " Abu Dhabi",
          "Opponent": "Rajasthan Royals ",
          "Result": "RCB won by 8 wickets (with 5 balls remaining)"
     }
][
     {
          "Runs": "56",
          "Balls": "43",
          "Fours": "5",
          "Sixes": "0",
          "Strike Rate": "130.23",
          "Date": " Nov 6 2020",
          "Venue": " Abu Dhabi",
          "Opponent": "Sunrisers Hyderabad ",
          "Result": "Sunrisers won by 6 wickets (with 2 balls remaining)"
     }
][
     {
          "Runs": "55",
          "Balls": "24",
          "Fours": "4",
          "Sixes": "4",
          "Strike Rate": "229.17",
          "Date": " Sep 28 2020",
          "Venue": " Dubai",
          "Opponent": "Mumbai Indians ",
          "Result": "Match tied (RCB won the one-over eliminator)"
     }
][
     {
          "Runs": "39",
          "Balls": "36",
          "Fours": "4",
          "Sixes": "0",
          "Strike Rate": "108.33",
          "Date": " Oct 25 2020",
          "Venue": " Dubai",
          "Opponent": "Chennai Super Kings ",
          "Result": "Super Kings won by 8 wickets (with 8 balls remaining)"
     }
][
     {
          "Runs": "2",
          "Balls": "5",
          "Fours": "0",
          "Sixes": "0",
          "Strike Rate": "40.00",
          "Date": " Oct 15 2020",
          "Venue": " Sharjah",
          "Opponent": "Punjab Kings ",
          "Result": "Kings XI won by 8 wickets"
     }
][
     {
          "Runs": "35",
          "Balls": "21",
          "Fours": "1",
          "Sixes": "2",
          "Strike Rate": "166.67",
          "Date": " Nov 2 2020",
          "Venue": " Abu Dhabi",
          "Opponent": "Delhi Capitals ",
          "Result": "Capitals won by 6 wickets (with 6 balls remaining)"
     }
][
     {
          "Runs": "55",
          "Balls": "22",
          "Fours": "1",
          "Sixes": "6",
          "Strike Rate": "250.00",
          "Date": " Oct 17 2020",
          "Venue": " Dubai",
          "Opponent": "Rajasthan Royals ",
          "Result": "RCB won by 7 wickets (with 2 balls remaining)"
     }
][
     {
          "Runs": "73",
          "Balls": "33",
          "Fours": "5",
          "Sixes": "6",
          "Strike Rate": "221.21",
          "Date": " Oct 12 2020",
          "Venue": " Sharjah",
          "Opponent": "Kolkata Knight Riders ",
          "Result": "RCB won by 82 runs"
     }
][
     {
          "Runs": "24",
          "Balls": "24",
          "Fours": "1",
          "Sixes": "1",
          "Strike Rate": "100.00",
          "Date": " Oct 31 2020",
          "Venue": " Sharjah",
          "Opponent": "Sunrisers Hyderabad ",
          "Result": "Sunrisers won by 5 wickets (with 35 balls remaining)"
     }
][
     {
          "Runs": "9",
          "Balls": "6",
          "Fours": "2",
          "Sixes": "0",
          "Strike Rate": "150.00",
          "Date": " Oct 5 2020",
          "Venue": " Dubai",
          "Opponent": "Delhi Capitals ",
          "Result": "Capitals won by 59 runs"
     }
][
     {
          "Runs": "15",
          "Balls": "12",
          "Fours": "1",
          "Sixes": "1",
          "Strike Rate": "125.00",
          "Date": " Oct 28 2020",
          "Venue": " Abu Dhabi",
          "Opponent": "Mumbai Indians ",
          "Result": "Mum Indians won by 5 wickets (with 5 balls remaining)"
     }
]