[
     {
          "Runs": "51",
          "Balls": "30",
          "Fours": "4",
          "Sixes": "2",
          "Strike Rate": "170.00",
          "Date": " Sep 21 2020",
          "Venue": " Dubai",
          "Opponent": "Sunrisers Hyderabad ",
          "Result": "RCB won by 10 runs"
     }
][
     {
          "Runs": "28",
          "Balls": "18",
          "Fours": "4",
          "Sixes": "1",
          "Strike Rate": "155.56",
          "Date": " Sep 24 2020",
          "Venue": " Dubai",
          "Opponent": "Punjab Kings ",
          "Result": "Kings XI won by 97 runs"
     }
]