[
     {
          "Runs": "2",
          "Balls": "5",
          "Fours": "0",
          "Sixes": "0",
          "Strike Rate": "40.00",
          "Date": " Oct 25 2020",
          "Venue": " Dubai",
          "Opponent": "Chennai Super Kings ",
          "Result": "Super Kings won by 8 wickets (with 8 balls remaining)"
     }
][
     {
          "Runs": "25",
          "Balls": "8",
          "Fours": "1",
          "Sixes": "3",
          "Strike Rate": "312.50",
          "Date": " Oct 15 2020",
          "Venue": " Sharjah",
          "Opponent": "Punjab Kings ",
          "Result": "Kings XI won by 8 wickets"
     }
][
     {
          "Runs": "0",
          "Balls": "2",
          "Fours": "0",
          "Sixes": "0",
          "Strike Rate": "0.00",
          "Date": " Nov 2 2020",
          "Venue": " Abu Dhabi",
          "Opponent": "Delhi Capitals ",
          "Result": "Capitals won by 6 wickets (with 6 balls remaining)"
     }
][
     {
          "Runs": "3",
          "Balls": "4",
          "Fours": "0",
          "Sixes": "0",
          "Strike Rate": "75.00",
          "Date": " Oct 31 2020",
          "Venue": " Sharjah",
          "Opponent": "Sunrisers Hyderabad ",
          "Result": "Sunrisers won by 5 wickets (with 35 balls remaining)"
     }
][
     {
          "Runs": "4",
          "Balls": "2",
          "Fours": "1",
          "Sixes": "0",
          "Strike Rate": "200.00",
          "Date": " Oct 28 2020",
          "Venue": " Abu Dhabi",
          "Opponent": "Mumbai Indians ",
          "Result": "Mum Indians won by 5 wickets (with 5 balls remaining)"
     }
]