[
     {
          "Runs": "33",
          "Balls": "34",
          "Fours": "2",
          "Sixes": "1",
          "Strike Rate": "97.06",
          "Date": " Oct 10 2020",
          "Venue": " Dubai",
          "Opponent": "Chennai Super Kings ",
          "Result": "RCB won by 37 runs"
     }
][
     {
          "Runs": "63",
          "Balls": "45",
          "Fours": "6",
          "Sixes": "1",
          "Strike Rate": "140.00",
          "Date": " Oct 3 2020",
          "Venue": " Abu Dhabi",
          "Opponent": "Rajasthan Royals ",
          "Result": "RCB won by 8 wickets (with 5 balls remaining)"
     }
][
     {
          "Runs": "1",
          "Balls": "6",
          "Fours": "0",
          "Sixes": "0",
          "Strike Rate": "16.67",
          "Date": " Nov 6 2020",
          "Venue": " Abu Dhabi",
          "Opponent": "Sunrisers Hyderabad ",
          "Result": "Sunrisers won by 6 wickets (with 2 balls remaining)"
     }
][
     {
          "Runs": "54",
          "Balls": "40",
          "Fours": "5",
          "Sixes": "2",
          "Strike Rate": "135.00",
          "Date": " Sep 28 2020",
          "Venue": " Dubai",
          "Opponent": "Mumbai Indians ",
          "Result": "Match tied (RCB won the one-over eliminator)"
     }
][
     {
          "Runs": "22",
          "Balls": "21",
          "Fours": "2",
          "Sixes": "1",
          "Strike Rate": "104.76",
          "Date": " Oct 25 2020",
          "Venue": " Dubai",
          "Opponent": "Chennai Super Kings ",
          "Result": "Super Kings won by 8 wickets (with 8 balls remaining)"
     }
][
     {
          "Runs": "18",
          "Balls": "12",
          "Fours": "1",
          "Sixes": "1",
          "Strike Rate": "150.00",
          "Date": " Oct 15 2020",
          "Venue": " Sharjah",
          "Opponent": "Punjab Kings ",
          "Result": "Kings XI won by 8 wickets"
     }
][
     {
          "Runs": "50",
          "Balls": "41",
          "Fours": "5",
          "Sixes": "0",
          "Strike Rate": "121.95",
          "Date": " Nov 2 2020",
          "Venue": " Abu Dhabi",
          "Opponent": "Delhi Capitals ",
          "Result": "Capitals won by 6 wickets (with 6 balls remaining)"
     }
][
     {
          "Runs": "35",
          "Balls": "37",
          "Fours": "2",
          "Sixes": "0",
          "Strike Rate": "94.59",
          "Date": " Oct 17 2020",
          "Venue": " Dubai",
          "Opponent": "Rajasthan Royals ",
          "Result": "RCB won by 7 wickets (with 2 balls remaining)"
     }
][
     {
          "Runs": "32",
          "Balls": "23",
          "Fours": "4",
          "Sixes": "1",
          "Strike Rate": "139.13",
          "Date": " Oct 12 2020",
          "Venue": " Sharjah",
          "Opponent": "Kolkata Knight Riders ",
          "Result": "RCB won by 82 runs"
     }
][
     {
          "Runs": "5",
          "Balls": "8",
          "Fours": "1",
          "Sixes": "0",
          "Strike Rate": "62.50",
          "Date": " Oct 31 2020",
          "Venue": " Sharjah",
          "Opponent": "Sunrisers Hyderabad ",
          "Result": "Sunrisers won by 5 wickets (with 35 balls remaining)"
     }
][
     {
          "Runs": "25",
          "Balls": "17",
          "Fours": "3",
          "Sixes": "0",
          "Strike Rate": "147.06",
          "Date": " Oct 21 2020",
          "Venue": " Abu Dhabi",
          "Opponent": "Kolkata Knight Riders ",
          "Result": "RCB won by 8 wickets (with 39 balls remaining)"
     }
][
     {
          "Runs": "4",
          "Balls": "6",
          "Fours": "0",
          "Sixes": "0",
          "Strike Rate": "66.67",
          "Date": " Oct 5 2020",
          "Venue": " Dubai",
          "Opponent": "Delhi Capitals ",
          "Result": "Capitals won by 59 runs"
     }
][
     {
          "Runs": "56",
          "Balls": "42",
          "Fours": "8",
          "Sixes": "0",
          "Strike Rate": "133.33",
          "Date": " Sep 21 2020",
          "Venue": " Dubai",
          "Opponent": "Sunrisers Hyderabad ",
          "Result": "RCB won by 10 runs"
     }
][
     {
          "Runs": "1",
          "Balls": "2",
          "Fours": "0",
          "Sixes": "0",
          "Strike Rate": "50.00",
          "Date": " Sep 24 2020",
          "Venue": " Dubai",
          "Opponent": "Punjab Kings ",
          "Result": "Kings XI won by 97 runs"
     }
][
     {
          "Runs": "74",
          "Balls": "45",
          "Fours": "12",
          "Sixes": "1",
          "Strike Rate": "164.44",
          "Date": " Oct 28 2020",
          "Venue": " Abu Dhabi",
          "Opponent": "Mumbai Indians ",
          "Result": "Mum Indians won by 5 wickets (with 5 balls remaining)"
     }
]