[
     {
          "Runs": "2",
          "Balls": "2",
          "Fours": "0",
          "Sixes": "0",
          "Strike Rate": "100.00",
          "Date": " Oct 25 2020",
          "Venue": " Dubai",
          "Opponent": "Chennai Super Kings ",
          "Result": "Super Kings won by 8 wickets (with 8 balls remaining)"
     }
][
     {
          "Runs": "19",
          "Balls": "17",
          "Fours": "1",
          "Sixes": "0",
          "Strike Rate": "111.76",
          "Date": " Oct 17 2020",
          "Venue": " Dubai",
          "Opponent": "Rajasthan Royals ",
          "Result": "RCB won by 7 wickets (with 2 balls remaining)"
     }
][
     {
          "Runs": "15",
          "Balls": "24",
          "Fours": "1",
          "Sixes": "0",
          "Strike Rate": "62.50",
          "Date": " Oct 31 2020",
          "Venue": " Sharjah",
          "Opponent": "Sunrisers Hyderabad ",
          "Result": "Sunrisers won by 5 wickets (with 35 balls remaining)"
     }
][
     {
          "Runs": "21",
          "Balls": "26",
          "Fours": "4",
          "Sixes": "0",
          "Strike Rate": "80.77",
          "Date": " Oct 21 2020",
          "Venue": " Abu Dhabi",
          "Opponent": "Kolkata Knight Riders ",
          "Result": "RCB won by 8 wickets (with 39 balls remaining)"
     }
][
     {
          "Runs": "14",
          "Balls": "11",
          "Fours": "2",
          "Sixes": "0",
          "Strike Rate": "127.27",
          "Date": " Oct 28 2020",
          "Venue": " Abu Dhabi",
          "Opponent": "Mumbai Indians ",
          "Result": "Mum Indians won by 5 wickets (with 5 balls remaining)"
     }
]