[
     {
          "Runs": "12",
          "Balls": "17",
          "Fours": "1",
          "Sixes": "0",
          "Strike Rate": "70.59",
          "Date": " Nov 2 2020",
          "Venue": " Abu Dhabi",
          "Opponent": "Delhi Capitals ",
          "Result": "Capitals won by 6 wickets (with 6 balls remaining)"
     }
][
     {
          "Runs": "32",
          "Balls": "31",
          "Fours": "4",
          "Sixes": "0",
          "Strike Rate": "103.23",
          "Date": " Oct 31 2020",
          "Venue": " Sharjah",
          "Opponent": "Sunrisers Hyderabad ",
          "Result": "Sunrisers won by 5 wickets (with 35 balls remaining)"
     }
][
     {
          "Runs": "33",
          "Balls": "24",
          "Fours": "4",
          "Sixes": "1",
          "Strike Rate": "137.50",
          "Date": " Oct 28 2020",
          "Venue": " Abu Dhabi",
          "Opponent": "Mumbai Indians ",
          "Result": "Mum Indians won by 5 wickets (with 5 balls remaining)"
     }
]