[
     {
          "Runs": "9",
          "Balls": "8",
          "Fours": "1",
          "Sixes": "0",
          "Strike Rate": "112.50",
          "Date": " Nov 6 2020",
          "Venue": " Abu Dhabi",
          "Opponent": "Sunrisers Hyderabad ",
          "Result": "Sunrisers won by 6 wickets (with 2 balls remaining)"
     }
][
     {
          "Runs": "12",
          "Balls": "12",
          "Fours": "1",
          "Sixes": "0",
          "Strike Rate": "100.00",
          "Date": " Oct 5 2020",
          "Venue": " Dubai",
          "Opponent": "Delhi Capitals ",
          "Result": "Capitals won by 59 runs"
     }
][
     {
          "Runs": "6",
          "Balls": "7",
          "Fours": "1",
          "Sixes": "0",
          "Strike Rate": "85.71",
          "Date": " Sep 24 2020",
          "Venue": " Dubai",
          "Opponent": "Punjab Kings ",
          "Result": "Kings XI won by 97 runs"
     }
]