[
     {
          "Runs": "22",
          "Balls": "14",
          "Fours": "2",
          "Sixes": "1",
          "Strike Rate": "157.14",
          "Date": " Oct 10 2020",
          "Venue": " Dubai",
          "Opponent": "Chennai Super Kings ",
          "Result": "RCB won by 37 runs"
     }
][
     {
          "Runs": "8",
          "Balls": "13",
          "Fours": "0",
          "Sixes": "0",
          "Strike Rate": "61.54",
          "Date": " Nov 6 2020",
          "Venue": " Abu Dhabi",
          "Opponent": "Sunrisers Hyderabad ",
          "Result": "Sunrisers won by 6 wickets (with 2 balls remaining)"
     }
][
     {
          "Runs": "27",
          "Balls": "10",
          "Fours": "1",
          "Sixes": "3",
          "Strike Rate": "270.00",
          "Date": " Sep 28 2020",
          "Venue": " Dubai",
          "Opponent": "Mumbai Indians ",
          "Result": "Match tied (RCB won the one-over eliminator)"
     }
][
     {
          "Runs": "23",
          "Balls": "19",
          "Fours": "0",
          "Sixes": "2",
          "Strike Rate": "121.05",
          "Date": " Oct 15 2020",
          "Venue": " Sharjah",
          "Opponent": "Punjab Kings ",
          "Result": "Kings XI won by 8 wickets"
     }
][
     {
          "Runs": "17",
          "Balls": "11",
          "Fours": "2",
          "Sixes": "1",
          "Strike Rate": "154.55",
          "Date": " Nov 2 2020",
          "Venue": " Abu Dhabi",
          "Opponent": "Delhi Capitals ",
          "Result": "Capitals won by 6 wickets (with 6 balls remaining)"
     }
][
     {
          "Runs": "11",
          "Balls": "12",
          "Fours": "0",
          "Sixes": "1",
          "Strike Rate": "91.67",
          "Date": " Oct 5 2020",
          "Venue": " Dubai",
          "Opponent": "Delhi Capitals ",
          "Result": "Capitals won by 59 runs"
     }
][
     {
          "Runs": "7",
          "Balls": "8",
          "Fours": "0",
          "Sixes": "0",
          "Strike Rate": "87.50",
          "Date": " Sep 21 2020",
          "Venue": " Dubai",
          "Opponent": "Sunrisers Hyderabad ",
          "Result": "RCB won by 10 runs"
     }
][
     {
          "Runs": "12",
          "Balls": "12",
          "Fours": "0",
          "Sixes": "1",
          "Strike Rate": "100.00",
          "Date": " Sep 24 2020",
          "Venue": " Dubai",
          "Opponent": "Punjab Kings ",
          "Result": "Kings XI won by 97 runs"
     }
][
     {
          "Runs": "2",
          "Balls": "6",
          "Fours": "0",
          "Sixes": "0",
          "Strike Rate": "33.33",
          "Date": " Oct 28 2020",
          "Venue": " Abu Dhabi",
          "Opponent": "Mumbai Indians ",
          "Result": "Mum Indians won by 5 wickets (with 5 balls remaining)"
     }
]