[
     {
          "Runs": "90",
          "Balls": "52",
          "Fours": "4",
          "Sixes": "4",
          "Strike Rate": "173.08",
          "Date": " Oct 10 2020",
          "Venue": " Dubai",
          "Opponent": "Chennai Super Kings ",
          "Result": "RCB won by 37 runs"
     }
][
     {
          "Runs": "72",
          "Balls": "53",
          "Fours": "7",
          "Sixes": "2",
          "Strike Rate": "135.85",
          "Date": " Oct 3 2020",
          "Venue": " Abu Dhabi",
          "Opponent": "Rajasthan Royals ",
          "Result": "RCB won by 8 wickets (with 5 balls remaining)"
     }
][
     {
          "Runs": "6",
          "Balls": "7",
          "Fours": "0",
          "Sixes": "0",
          "Strike Rate": "85.71",
          "Date": " Nov 6 2020",
          "Venue": " Abu Dhabi",
          "Opponent": "Sunrisers Hyderabad ",
          "Result": "Sunrisers won by 6 wickets (with 2 balls remaining)"
     }
][
     {
          "Runs": "3",
          "Balls": "11",
          "Fours": "0",
          "Sixes": "0",
          "Strike Rate": "27.27",
          "Date": " Sep 28 2020",
          "Venue": " Dubai",
          "Opponent": "Mumbai Indians ",
          "Result": "Match tied (RCB won the one-over eliminator)"
     }
][
     {
          "Runs": "50",
          "Balls": "43",
          "Fours": "1",
          "Sixes": "1",
          "Strike Rate": "116.28",
          "Date": " Oct 25 2020",
          "Venue": " Dubai",
          "Opponent": "Chennai Super Kings ",
          "Result": "Super Kings won by 8 wickets (with 8 balls remaining)"
     }
][
     {
          "Runs": "48",
          "Balls": "39",
          "Fours": "3",
          "Sixes": "0",
          "Strike Rate": "123.08",
          "Date": " Oct 15 2020",
          "Venue": " Sharjah",
          "Opponent": "Punjab Kings ",
          "Result": "Kings XI won by 8 wickets"
     }
][
     {
          "Runs": "29",
          "Balls": "24",
          "Fours": "2",
          "Sixes": "1",
          "Strike Rate": "120.83",
          "Date": " Nov 2 2020",
          "Venue": " Abu Dhabi",
          "Opponent": "Delhi Capitals ",
          "Result": "Capitals won by 6 wickets (with 6 balls remaining)"
     }
][
     {
          "Runs": "43",
          "Balls": "32",
          "Fours": "1",
          "Sixes": "2",
          "Strike Rate": "134.38",
          "Date": " Oct 17 2020",
          "Venue": " Dubai",
          "Opponent": "Rajasthan Royals ",
          "Result": "RCB won by 7 wickets (with 2 balls remaining)"
     }
][
     {
          "Runs": "33",
          "Balls": "28",
          "Fours": "1",
          "Sixes": "0",
          "Strike Rate": "117.86",
          "Date": " Oct 12 2020",
          "Venue": " Sharjah",
          "Opponent": "Kolkata Knight Riders ",
          "Result": "RCB won by 82 runs"
     }
][
     {
          "Runs": "7",
          "Balls": "7",
          "Fours": "0",
          "Sixes": "0",
          "Strike Rate": "100.00",
          "Date": " Oct 31 2020",
          "Venue": " Sharjah",
          "Opponent": "Sunrisers Hyderabad ",
          "Result": "Sunrisers won by 5 wickets (with 35 balls remaining)"
     }
][
     {
          "Runs": "18",
          "Balls": "17",
          "Fours": "2",
          "Sixes": "0",
          "Strike Rate": "105.88",
          "Date": " Oct 21 2020",
          "Venue": " Abu Dhabi",
          "Opponent": "Kolkata Knight Riders ",
          "Result": "RCB won by 8 wickets (with 39 balls remaining)"
     }
][
     {
          "Runs": "43",
          "Balls": "39",
          "Fours": "2",
          "Sixes": "1",
          "Strike Rate": "110.26",
          "Date": " Oct 5 2020",
          "Venue": " Dubai",
          "Opponent": "Delhi Capitals ",
          "Result": "Capitals won by 59 runs"
     }
][
     {
          "Runs": "14",
          "Balls": "13",
          "Fours": "0",
          "Sixes": "0",
          "Strike Rate": "107.69",
          "Date": " Sep 21 2020",
          "Venue": " Dubai",
          "Opponent": "Sunrisers Hyderabad ",
          "Result": "RCB won by 10 runs"
     }
][
     {
          "Runs": "1",
          "Balls": "5",
          "Fours": "0",
          "Sixes": "0",
          "Strike Rate": "20.00",
          "Date": " Sep 24 2020",
          "Venue": " Dubai",
          "Opponent": "Punjab Kings ",
          "Result": "Kings XI won by 97 runs"
     }
][
     {
          "Runs": "9",
          "Balls": "14",
          "Fours": "0",
          "Sixes": "0",
          "Strike Rate": "64.29",
          "Date": " Oct 28 2020",
          "Venue": " Abu Dhabi",
          "Opponent": "Mumbai Indians ",
          "Result": "Mum Indians won by 5 wickets (with 5 balls remaining)"
     }
]