[
     {
          "Runs": "10",
          "Balls": "10",
          "Fours": "0",
          "Sixes": "1",
          "Strike Rate": "100.00",
          "Date": " Oct 10 2020",
          "Venue": " Dubai",
          "Opponent": "Chennai Super Kings ",
          "Result": "RCB won by 37 runs"
     }
][
     {
          "Runs": "5",
          "Balls": "6",
          "Fours": "0",
          "Sixes": "0",
          "Strike Rate": "83.33",
          "Date": " Nov 6 2020",
          "Venue": " Abu Dhabi",
          "Opponent": "Sunrisers Hyderabad ",
          "Result": "Sunrisers won by 6 wickets (with 2 balls remaining)"
     }
][
     {
          "Runs": "5",
          "Balls": "2",
          "Fours": "1",
          "Sixes": "0",
          "Strike Rate": "250.00",
          "Date": " Oct 25 2020",
          "Venue": " Dubai",
          "Opponent": "Chennai Super Kings ",
          "Result": "Super Kings won by 8 wickets (with 8 balls remaining)"
     }
][
     {
          "Runs": "13",
          "Balls": "14",
          "Fours": "1",
          "Sixes": "0",
          "Strike Rate": "92.86",
          "Date": " Oct 15 2020",
          "Venue": " Sharjah",
          "Opponent": "Punjab Kings ",
          "Result": "Kings XI won by 8 wickets"
     }
][
     {
          "Runs": "0",
          "Balls": "1",
          "Fours": "0",
          "Sixes": "0",
          "Strike Rate": "0.00",
          "Date": " Nov 2 2020",
          "Venue": " Abu Dhabi",
          "Opponent": "Delhi Capitals ",
          "Result": "Capitals won by 6 wickets (with 6 balls remaining)"
     }
][
     {
          "Runs": "21",
          "Balls": "18",
          "Fours": "2",
          "Sixes": "0",
          "Strike Rate": "116.67",
          "Date": " Oct 31 2020",
          "Venue": " Sharjah",
          "Opponent": "Sunrisers Hyderabad ",
          "Result": "Sunrisers won by 5 wickets (with 35 balls remaining)"
     }
][
     {
          "Runs": "17",
          "Balls": "11",
          "Fours": "3",
          "Sixes": "0",
          "Strike Rate": "154.55",
          "Date": " Oct 5 2020",
          "Venue": " Dubai",
          "Opponent": "Delhi Capitals ",
          "Result": "Capitals won by 59 runs"
     }
][
     {
          "Runs": "30",
          "Balls": "27",
          "Fours": "2",
          "Sixes": "1",
          "Strike Rate": "111.11",
          "Date": " Sep 24 2020",
          "Venue": " Dubai",
          "Opponent": "Punjab Kings ",
          "Result": "Kings XI won by 97 runs"
     }
][
     {
          "Runs": "10",
          "Balls": "6",
          "Fours": "1",
          "Sixes": "0",
          "Strike Rate": "166.67",
          "Date": " Oct 28 2020",
          "Venue": " Abu Dhabi",
          "Opponent": "Mumbai Indians ",
          "Result": "Mum Indians won by 5 wickets (with 5 balls remaining)"
     }
]