[
     {
          "Runs": "0",
          "Balls": "0",
          "Fours": "0",
          "Sixes": "0",
          "Strike Rate": "0.00",
          "Date": " Oct 5 2020",
          "Venue": " Dubai",
          "Opponent": "Delhi Capitals ",
          "Result": "Capitals won by 59 runs"
     }
][
     {
          "Runs": "1",
          "Balls": "3",
          "Fours": "0",
          "Sixes": "0",
          "Strike Rate": "33.33",
          "Date": " Sep 24 2020",
          "Venue": " Dubai",
          "Opponent": "Punjab Kings ",
          "Result": "Kings XI won by 97 runs"
     }
]