[
     {
          "Runs": "30",
          "Balls": "30",
          "Fours": "2",
          "Sixes": "0",
          "Strike Rate": "100.00",
          "Date": " Nov 1 2020",
          "Venue": " Abu Dhabi",
          "Opponent": "Punjab Kings ",
          "Result": "Super Kings won by 9 wickets (with 7 balls remaining)"
     }
][
     {
          "Runs": "42",
          "Balls": "40",
          "Fours": "4",
          "Sixes": "0",
          "Strike Rate": "105.00",
          "Date": " Oct 10 2020",
          "Venue": " Dubai",
          "Opponent": "Royal Challengers Bangalore ",
          "Result": "RCB won by 37 runs"
     }
][
     {
          "Runs": "41",
          "Balls": "34",
          "Fours": "3",
          "Sixes": "2",
          "Strike Rate": "120.59",
          "Date": " Oct 13 2020",
          "Venue": " Dubai",
          "Opponent": "Sunrisers Hyderabad ",
          "Result": "Super Kings won by 20 runs"
     }
][
     {
          "Runs": "71",
          "Balls": "48",
          "Fours": "6",
          "Sixes": "3",
          "Strike Rate": "147.92",
          "Date": " Sep 19 2020",
          "Venue": " Abu Dhabi",
          "Opponent": "Mumbai Indians ",
          "Result": "Super Kings won by 5 wickets (with 4 balls remaining)"
     }
][
     {
          "Runs": "39",
          "Balls": "27",
          "Fours": "3",
          "Sixes": "2",
          "Strike Rate": "144.44",
          "Date": " Oct 25 2020",
          "Venue": " Dubai",
          "Opponent": "Royal Challengers Bangalore ",
          "Result": "Super Kings won by 8 wickets (with 8 balls remaining)"
     }
][
     {
          "Runs": "13",
          "Balls": "19",
          "Fours": "2",
          "Sixes": "0",
          "Strike Rate": "68.42",
          "Date": " Oct 19 2020",
          "Venue": " Abu Dhabi",
          "Opponent": "Rajasthan Royals ",
          "Result": "Royals won by 7 wickets (with 15 balls remaining)"
     }
][
     {
          "Runs": "2",
          "Balls": "3",
          "Fours": "0",
          "Sixes": "0",
          "Strike Rate": "66.67",
          "Date": " Oct 23 2020",
          "Venue": " Sharjah",
          "Opponent": "Mumbai Indians ",
          "Result": "Mum Indians won by 10 wickets (with 46 balls remaining)"
     }
][
     {
          "Runs": "30",
          "Balls": "27",
          "Fours": "3",
          "Sixes": "0",
          "Strike Rate": "111.11",
          "Date": " Oct 7 2020",
          "Venue": " Abu Dhabi",
          "Opponent": "Kolkata Knight Riders ",
          "Result": "KKR won by 10 runs"
     }
][
     {
          "Runs": "45",
          "Balls": "25",
          "Fours": "1",
          "Sixes": "4",
          "Strike Rate": "180.00",
          "Date": " Oct 17 2020",
          "Venue": " Sharjah",
          "Opponent": "Delhi Capitals ",
          "Result": "Capitals won by 5 wickets (with 1 ball remaining)"
     }
][
     {
          "Runs": "38",
          "Balls": "20",
          "Fours": "5",
          "Sixes": "1",
          "Strike Rate": "190.00",
          "Date": " Oct 29 2020",
          "Venue": " Dubai",
          "Opponent": "Kolkata Knight Riders ",
          "Result": "Super Kings won by 6 wickets"
     }
][
     {
          "Runs": "8",
          "Balls": "9",
          "Fours": "1",
          "Sixes": "0",
          "Strike Rate": "88.89",
          "Date": " Oct 2 2020",
          "Venue": " Dubai",
          "Opponent": "Sunrisers Hyderabad ",
          "Result": "Sunrisers won by 7 runs"
     }
]