[
     {
          "Runs": "48",
          "Balls": "34",
          "Fours": "4",
          "Sixes": "2",
          "Strike Rate": "141.18",
          "Date": " Nov 1 2020",
          "Venue": " Abu Dhabi",
          "Opponent": "Punjab Kings ",
          "Result": "Super Kings won by 9 wickets (with 7 balls remaining)"
     }
][
     {
          "Runs": "8",
          "Balls": "10",
          "Fours": "0",
          "Sixes": "0",
          "Strike Rate": "80.00",
          "Date": " Oct 10 2020",
          "Venue": " Dubai",
          "Opponent": "Royal Challengers Bangalore ",
          "Result": "RCB won by 37 runs"
     }
][
     {
          "Runs": "0",
          "Balls": "1",
          "Fours": "0",
          "Sixes": "0",
          "Strike Rate": "0.00",
          "Date": " Oct 13 2020",
          "Venue": " Dubai",
          "Opponent": "Sunrisers Hyderabad ",
          "Result": "Super Kings won by 20 runs"
     }
][
     {
          "Runs": "58",
          "Balls": "44",
          "Fours": "6",
          "Sixes": "0",
          "Strike Rate": "131.82",
          "Date": " Sep 19 2020",
          "Venue": " Abu Dhabi",
          "Opponent": "Mumbai Indians ",
          "Result": "Super Kings won by 5 wickets (with 4 balls remaining)"
     }
][
     {
          "Runs": "25",
          "Balls": "13",
          "Fours": "2",
          "Sixes": "2",
          "Strike Rate": "192.31",
          "Date": " Oct 25 2020",
          "Venue": " Dubai",
          "Opponent": "Royal Challengers Bangalore ",
          "Result": "Super Kings won by 8 wickets (with 8 balls remaining)"
     }
][
     {
          "Runs": "72",
          "Balls": "37",
          "Fours": "1",
          "Sixes": "7",
          "Strike Rate": "194.59",
          "Date": " Sep 22 2020",
          "Venue": " Sharjah",
          "Opponent": "Rajasthan Royals ",
          "Result": "Royals won by 16 runs"
     }
][
     {
          "Runs": "10",
          "Balls": "9",
          "Fours": "1",
          "Sixes": "0",
          "Strike Rate": "111.11",
          "Date": " Oct 19 2020",
          "Venue": " Abu Dhabi",
          "Opponent": "Rajasthan Royals ",
          "Result": "Royals won by 7 wickets (with 15 balls remaining)"
     }
][
     {
          "Runs": "1",
          "Balls": "7",
          "Fours": "0",
          "Sixes": "0",
          "Strike Rate": "14.29",
          "Date": " Oct 23 2020",
          "Venue": " Sharjah",
          "Opponent": "Mumbai Indians ",
          "Result": "Mum Indians won by 10 wickets (with 46 balls remaining)"
     }
][
     {
          "Runs": "87",
          "Balls": "53",
          "Fours": "11",
          "Sixes": "1",
          "Strike Rate": "164.15",
          "Date": " Oct 4 2020",
          "Venue": " Dubai",
          "Opponent": "Punjab Kings ",
          "Result": "Super Kings won by 10 wickets (with 14 balls remaining)"
     }
][
     {
          "Runs": "17",
          "Balls": "10",
          "Fours": "3",
          "Sixes": "0",
          "Strike Rate": "170.00",
          "Date": " Oct 7 2020",
          "Venue": " Abu Dhabi",
          "Opponent": "Kolkata Knight Riders ",
          "Result": "KKR won by 10 runs"
     }
][
     {
          "Runs": "58",
          "Balls": "47",
          "Fours": "6",
          "Sixes": "2",
          "Strike Rate": "123.40",
          "Date": " Oct 17 2020",
          "Venue": " Sharjah",
          "Opponent": "Delhi Capitals ",
          "Result": "Capitals won by 5 wickets (with 1 ball remaining)"
     }
][
     {
          "Runs": "22",
          "Balls": "19",
          "Fours": "4",
          "Sixes": "0",
          "Strike Rate": "115.79",
          "Date": " Oct 2 2020",
          "Venue": " Dubai",
          "Opponent": "Sunrisers Hyderabad ",
          "Result": "Sunrisers won by 7 runs"
     }
][
     {
          "Runs": "43",
          "Balls": "35",
          "Fours": "4",
          "Sixes": "0",
          "Strike Rate": "122.86",
          "Date": " Sep 25 2020",
          "Venue": " Dubai",
          "Opponent": "Delhi Capitals ",
          "Result": "Capitals won by 44 runs"
     }
]