[
     {
          "Runs": "22",
          "Balls": "16",
          "Fours": "3",
          "Sixes": "0",
          "Strike Rate": "137.50",
          "Date": " Sep 22 2020",
          "Venue": " Sharjah",
          "Opponent": "Rajasthan Royals ",
          "Result": "Royals won by 16 runs"
     }
][
     {
          "Runs": "4",
          "Balls": "7",
          "Fours": "0",
          "Sixes": "0",
          "Strike Rate": "57.14",
          "Date": " Oct 19 2020",
          "Venue": " Abu Dhabi",
          "Opponent": "Rajasthan Royals ",
          "Result": "Royals won by 7 wickets (with 15 balls remaining)"
     }
][
     {
          "Runs": "7",
          "Balls": "12",
          "Fours": "1",
          "Sixes": "0",
          "Strike Rate": "58.33",
          "Date": " Oct 7 2020",
          "Venue": " Abu Dhabi",
          "Opponent": "Kolkata Knight Riders ",
          "Result": "KKR won by 10 runs"
     }
][
     {
          "Runs": "3",
          "Balls": "10",
          "Fours": "0",
          "Sixes": "0",
          "Strike Rate": "30.00",
          "Date": " Oct 2 2020",
          "Venue": " Dubai",
          "Opponent": "Sunrisers Hyderabad ",
          "Result": "Sunrisers won by 7 runs"
     }
][
     {
          "Runs": "26",
          "Balls": "21",
          "Fours": "3",
          "Sixes": "0",
          "Strike Rate": "123.81",
          "Date": " Sep 25 2020",
          "Venue": " Dubai",
          "Opponent": "Delhi Capitals ",
          "Result": "Capitals won by 44 runs"
     }
]