[
     {
          "Runs": "10",
          "Balls": "6",
          "Fours": "0",
          "Sixes": "1",
          "Strike Rate": "166.67",
          "Date": " Oct 10 2020",
          "Venue": " Dubai",
          "Opponent": "Royal Challengers Bangalore ",
          "Result": "RCB won by 37 runs"
     }
][
     {
          "Runs": "21",
          "Balls": "13",
          "Fours": "2",
          "Sixes": "1",
          "Strike Rate": "161.54",
          "Date": " Oct 13 2020",
          "Venue": " Dubai",
          "Opponent": "Sunrisers Hyderabad ",
          "Result": "Super Kings won by 20 runs"
     }
][
     {
          "Runs": "0",
          "Balls": "2",
          "Fours": "0",
          "Sixes": "0",
          "Strike Rate": "0.00",
          "Date": " Sep 19 2020",
          "Venue": " Abu Dhabi",
          "Opponent": "Mumbai Indians ",
          "Result": "Super Kings won by 5 wickets (with 4 balls remaining)"
     }
][
     {
          "Runs": "19",
          "Balls": "21",
          "Fours": "3",
          "Sixes": "0",
          "Strike Rate": "90.48",
          "Date": " Oct 25 2020",
          "Venue": " Dubai",
          "Opponent": "Royal Challengers Bangalore ",
          "Result": "Super Kings won by 8 wickets (with 8 balls remaining)"
     }
][
     {
          "Runs": "29",
          "Balls": "17",
          "Fours": "0",
          "Sixes": "3",
          "Strike Rate": "170.59",
          "Date": " Sep 22 2020",
          "Venue": " Sharjah",
          "Opponent": "Rajasthan Royals ",
          "Result": "Royals won by 16 runs"
     }
][
     {
          "Runs": "28",
          "Balls": "28",
          "Fours": "2",
          "Sixes": "0",
          "Strike Rate": "100.00",
          "Date": " Oct 19 2020",
          "Venue": " Abu Dhabi",
          "Opponent": "Rajasthan Royals ",
          "Result": "Royals won by 7 wickets (with 15 balls remaining)"
     }
][
     {
          "Runs": "16",
          "Balls": "16",
          "Fours": "2",
          "Sixes": "1",
          "Strike Rate": "100.00",
          "Date": " Oct 23 2020",
          "Venue": " Sharjah",
          "Opponent": "Mumbai Indians ",
          "Result": "Mum Indians won by 10 wickets (with 46 balls remaining)"
     }
][
     {
          "Runs": "11",
          "Balls": "12",
          "Fours": "1",
          "Sixes": "0",
          "Strike Rate": "91.67",
          "Date": " Oct 7 2020",
          "Venue": " Abu Dhabi",
          "Opponent": "Kolkata Knight Riders ",
          "Result": "KKR won by 10 runs"
     }
][
     {
          "Runs": "3",
          "Balls": "5",
          "Fours": "0",
          "Sixes": "0",
          "Strike Rate": "60.00",
          "Date": " Oct 17 2020",
          "Venue": " Sharjah",
          "Opponent": "Delhi Capitals ",
          "Result": "Capitals won by 5 wickets (with 1 ball remaining)"
     }
][
     {
          "Runs": "1",
          "Balls": "4",
          "Fours": "0",
          "Sixes": "0",
          "Strike Rate": "25.00",
          "Date": " Oct 29 2020",
          "Venue": " Dubai",
          "Opponent": "Kolkata Knight Riders ",
          "Result": "Super Kings won by 6 wickets"
     }
][
     {
          "Runs": "47",
          "Balls": "36",
          "Fours": "4",
          "Sixes": "1",
          "Strike Rate": "130.56",
          "Date": " Oct 2 2020",
          "Venue": " Dubai",
          "Opponent": "Sunrisers Hyderabad ",
          "Result": "Sunrisers won by 7 runs"
     }
][
     {
          "Runs": "15",
          "Balls": "12",
          "Fours": "2",
          "Sixes": "0",
          "Strike Rate": "125.00",
          "Date": " Sep 25 2020",
          "Venue": " Dubai",
          "Opponent": "Delhi Capitals ",
          "Result": "Capitals won by 44 runs"
     }
]