[
     {
          "Runs": "1",
          "Balls": "7",
          "Fours": "0",
          "Sixes": "0",
          "Strike Rate": "14.29",
          "Date": " Sep 19 2020",
          "Venue": " Abu Dhabi",
          "Opponent": "Mumbai Indians ",
          "Result": "Super Kings won by 5 wickets (with 4 balls remaining)"
     }
][
     {
          "Runs": "21",
          "Balls": "21",
          "Fours": "3",
          "Sixes": "0",
          "Strike Rate": "100.00",
          "Date": " Sep 22 2020",
          "Venue": " Sharjah",
          "Opponent": "Rajasthan Royals ",
          "Result": "Royals won by 16 runs"
     }
][
     {
          "Runs": "10",
          "Balls": "15",
          "Fours": "1",
          "Sixes": "0",
          "Strike Rate": "66.67",
          "Date": " Sep 25 2020",
          "Venue": " Dubai",
          "Opponent": "Delhi Capitals ",
          "Result": "Capitals won by 44 runs"
     }
]