[
     {
          "Runs": "62",
          "Balls": "49",
          "Fours": "6",
          "Sixes": "1",
          "Strike Rate": "126.53",
          "Date": " Nov 1 2020",
          "Venue": " Abu Dhabi",
          "Opponent": "Punjab Kings ",
          "Result": "Super Kings won by 9 wickets (with 7 balls remaining)"
     }
][
     {
          "Runs": "65",
          "Balls": "51",
          "Fours": "4",
          "Sixes": "3",
          "Strike Rate": "127.45",
          "Date": " Oct 25 2020",
          "Venue": " Dubai",
          "Opponent": "Royal Challengers Bangalore ",
          "Result": "Super Kings won by 8 wickets (with 8 balls remaining)"
     }
][
     {
          "Runs": "0",
          "Balls": "1",
          "Fours": "0",
          "Sixes": "0",
          "Strike Rate": "0.00",
          "Date": " Sep 22 2020",
          "Venue": " Sharjah",
          "Opponent": "Rajasthan Royals ",
          "Result": "Royals won by 16 runs"
     }
][
     {
          "Runs": "0",
          "Balls": "5",
          "Fours": "0",
          "Sixes": "0",
          "Strike Rate": "0.00",
          "Date": " Oct 23 2020",
          "Venue": " Sharjah",
          "Opponent": "Mumbai Indians ",
          "Result": "Mum Indians won by 10 wickets (with 46 balls remaining)"
     }
][
     {
          "Runs": "72",
          "Balls": "53",
          "Fours": "6",
          "Sixes": "2",
          "Strike Rate": "135.85",
          "Date": " Oct 29 2020",
          "Venue": " Dubai",
          "Opponent": "Kolkata Knight Riders ",
          "Result": "Super Kings won by 6 wickets"
     }
][
     {
          "Runs": "5",
          "Balls": "10",
          "Fours": "0",
          "Sixes": "0",
          "Strike Rate": "50.00",
          "Date": " Sep 25 2020",
          "Venue": " Dubai",
          "Opponent": "Delhi Capitals ",
          "Result": "Capitals won by 44 runs"
     }
]