[
     {
          "Runs": "0",
          "Balls": "1",
          "Fours": "0",
          "Sixes": "0",
          "Strike Rate": "0.00",
          "Date": " Oct 10 2020",
          "Venue": " Dubai",
          "Opponent": "Royal Challengers Bangalore ",
          "Result": "RCB won by 37 runs"
     }
][
     {
          "Runs": "31",
          "Balls": "21",
          "Fours": "3",
          "Sixes": "2",
          "Strike Rate": "147.62",
          "Date": " Oct 13 2020",
          "Venue": " Dubai",
          "Opponent": "Sunrisers Hyderabad ",
          "Result": "Super Kings won by 20 runs"
     }
][
     {
          "Runs": "18",
          "Balls": "6",
          "Fours": "1",
          "Sixes": "2",
          "Strike Rate": "300.00",
          "Date": " Sep 19 2020",
          "Venue": " Abu Dhabi",
          "Opponent": "Mumbai Indians ",
          "Result": "Super Kings won by 5 wickets (with 4 balls remaining)"
     }
][
     {
          "Runs": "17",
          "Balls": "6",
          "Fours": "1",
          "Sixes": "2",
          "Strike Rate": "283.33",
          "Date": " Sep 22 2020",
          "Venue": " Sharjah",
          "Opponent": "Rajasthan Royals ",
          "Result": "Royals won by 16 runs"
     }
][
     {
          "Runs": "22",
          "Balls": "25",
          "Fours": "1",
          "Sixes": "1",
          "Strike Rate": "88.00",
          "Date": " Oct 19 2020",
          "Venue": " Abu Dhabi",
          "Opponent": "Rajasthan Royals ",
          "Result": "Royals won by 7 wickets (with 15 balls remaining)"
     }
][
     {
          "Runs": "52",
          "Balls": "47",
          "Fours": "4",
          "Sixes": "2",
          "Strike Rate": "110.64",
          "Date": " Oct 23 2020",
          "Venue": " Sharjah",
          "Opponent": "Mumbai Indians ",
          "Result": "Mum Indians won by 10 wickets (with 46 balls remaining)"
     }
][
     {
          "Runs": "17",
          "Balls": "11",
          "Fours": "1",
          "Sixes": "1",
          "Strike Rate": "154.55",
          "Date": " Oct 7 2020",
          "Venue": " Abu Dhabi",
          "Opponent": "Kolkata Knight Riders ",
          "Result": "KKR won by 10 runs"
     }
][
     {
          "Runs": "0",
          "Balls": "3",
          "Fours": "0",
          "Sixes": "0",
          "Strike Rate": "0.00",
          "Date": " Oct 17 2020",
          "Venue": " Sharjah",
          "Opponent": "Delhi Capitals ",
          "Result": "Capitals won by 5 wickets (with 1 ball remaining)"
     }
][
     {
          "Runs": "13",
          "Balls": "14",
          "Fours": "1",
          "Sixes": "0",
          "Strike Rate": "92.86",
          "Date": " Oct 29 2020",
          "Venue": " Dubai",
          "Opponent": "Kolkata Knight Riders ",
          "Result": "Super Kings won by 6 wickets"
     }
][
     {
          "Runs": "15",
          "Balls": "5",
          "Fours": "0",
          "Sixes": "2",
          "Strike Rate": "300.00",
          "Date": " Oct 2 2020",
          "Venue": " Dubai",
          "Opponent": "Sunrisers Hyderabad ",
          "Result": "Sunrisers won by 7 runs"
     }
][
     {
          "Runs": "1",
          "Balls": "2",
          "Fours": "0",
          "Sixes": "0",
          "Strike Rate": "50.00",
          "Date": " Sep 25 2020",
          "Venue": " Dubai",
          "Opponent": "Delhi Capitals ",
          "Result": "Capitals won by 44 runs"
     }
]