[
     {
          "Runs": "14",
          "Balls": "18",
          "Fours": "3",
          "Sixes": "0",
          "Strike Rate": "77.78",
          "Date": " Oct 10 2020",
          "Venue": " Dubai",
          "Opponent": "Royal Challengers Bangalore ",
          "Result": "RCB won by 37 runs"
     }
][
     {
          "Runs": "42",
          "Balls": "38",
          "Fours": "1",
          "Sixes": "3",
          "Strike Rate": "110.53",
          "Date": " Oct 13 2020",
          "Venue": " Dubai",
          "Opponent": "Sunrisers Hyderabad ",
          "Result": "Super Kings won by 20 runs"
     }
][
     {
          "Runs": "4",
          "Balls": "5",
          "Fours": "1",
          "Sixes": "0",
          "Strike Rate": "80.00",
          "Date": " Sep 19 2020",
          "Venue": " Abu Dhabi",
          "Opponent": "Mumbai Indians ",
          "Result": "Super Kings won by 5 wickets (with 4 balls remaining)"
     }
][
     {
          "Runs": "33",
          "Balls": "21",
          "Fours": "1",
          "Sixes": "4",
          "Strike Rate": "157.14",
          "Date": " Sep 22 2020",
          "Venue": " Sharjah",
          "Opponent": "Rajasthan Royals ",
          "Result": "Royals won by 16 runs"
     }
][
     {
          "Runs": "8",
          "Balls": "3",
          "Fours": "2",
          "Sixes": "0",
          "Strike Rate": "266.67",
          "Date": " Oct 19 2020",
          "Venue": " Abu Dhabi",
          "Opponent": "Rajasthan Royals ",
          "Result": "Royals won by 7 wickets (with 15 balls remaining)"
     }
][
     {
          "Runs": "83",
          "Balls": "53",
          "Fours": "11",
          "Sixes": "3",
          "Strike Rate": "156.60",
          "Date": " Oct 4 2020",
          "Venue": " Dubai",
          "Opponent": "Punjab Kings ",
          "Result": "Super Kings won by 10 wickets (with 14 balls remaining)"
     }
][
     {
          "Runs": "50",
          "Balls": "40",
          "Fours": "6",
          "Sixes": "1",
          "Strike Rate": "125.00",
          "Date": " Oct 7 2020",
          "Venue": " Abu Dhabi",
          "Opponent": "Kolkata Knight Riders ",
          "Result": "KKR won by 10 runs"
     }
][
     {
          "Runs": "36",
          "Balls": "28",
          "Fours": "6",
          "Sixes": "0",
          "Strike Rate": "128.57",
          "Date": " Oct 17 2020",
          "Venue": " Sharjah",
          "Opponent": "Delhi Capitals ",
          "Result": "Capitals won by 5 wickets (with 1 ball remaining)"
     }
][
     {
          "Runs": "14",
          "Balls": "19",
          "Fours": "1",
          "Sixes": "1",
          "Strike Rate": "73.68",
          "Date": " Oct 29 2020",
          "Venue": " Dubai",
          "Opponent": "Kolkata Knight Riders ",
          "Result": "Super Kings won by 6 wickets"
     }
][
     {
          "Runs": "1",
          "Balls": "6",
          "Fours": "0",
          "Sixes": "0",
          "Strike Rate": "16.67",
          "Date": " Oct 2 2020",
          "Venue": " Dubai",
          "Opponent": "Sunrisers Hyderabad ",
          "Result": "Sunrisers won by 7 runs"
     }
][
     {
          "Runs": "14",
          "Balls": "16",
          "Fours": "1",
          "Sixes": "1",
          "Strike Rate": "87.50",
          "Date": " Sep 25 2020",
          "Venue": " Dubai",
          "Opponent": "Delhi Capitals ",
          "Result": "Capitals won by 44 runs"
     }
]