[
     {
          "Runs": "1",
          "Balls": "1",
          "Fours": "0",
          "Sixes": "0",
          "Strike Rate": "100.00",
          "Date": " Oct 10 2020",
          "Venue": " Dubai",
          "Opponent": "Royal Challengers Bangalore ",
          "Result": "RCB won by 37 runs"
     }
][
     {
          "Runs": "11",
          "Balls": "20",
          "Fours": "0",
          "Sixes": "0",
          "Strike Rate": "55.00",
          "Date": " Oct 23 2020",
          "Venue": " Sharjah",
          "Opponent": "Mumbai Indians ",
          "Result": "Mum Indians won by 10 wickets (with 46 balls remaining)"
     }
]