[
     {
          "Runs": "7",
          "Balls": "5",
          "Fours": "1",
          "Sixes": "0",
          "Strike Rate": "140.00",
          "Date": " Oct 24 2020",
          "Venue": " Dubai",
          "Opponent": "Punjab Kings ",
          "Result": "Kings XI won by 12 runs"
     }
][
     {
          "Runs": "23",
          "Balls": "15",
          "Fours": "2",
          "Sixes": "1",
          "Strike Rate": "153.33",
          "Date": " Oct 18 2020",
          "Venue": " Abu Dhabi",
          "Opponent": "Kolkata Knight Riders ",
          "Result": "Match tied (KKR won the one-over eliminator)"
     }
][
     {
          "Runs": "8",
          "Balls": "6",
          "Fours": "0",
          "Sixes": "0",
          "Strike Rate": "133.33",
          "Date": " Oct 2 2020",
          "Venue": " Dubai",
          "Opponent": "Chennai Super Kings ",
          "Result": "Sunrisers won by 7 runs"
     }
][
     {
          "Runs": "12",
          "Balls": "7",
          "Fours": "1",
          "Sixes": "1",
          "Strike Rate": "171.43",
          "Date": " Sep 29 2020",
          "Venue": " Abu Dhabi",
          "Opponent": "Delhi Capitals ",
          "Result": "Sunrisers won by 15 runs"
     }
][
     {
          "Runs": "0",
          "Balls": "0",
          "Fours": "0",
          "Sixes": "0",
          "Strike Rate": "0.00",
          "Date": " Oct 31 2020",
          "Venue": " Sharjah",
          "Opponent": "Royal Challengers Bangalore ",
          "Result": "Sunrisers won by 5 wickets (with 35 balls remaining)"
     }
][
     {
          "Runs": "33",
          "Balls": "16",
          "Fours": "2",
          "Sixes": "2",
          "Strike Rate": "206.25",
          "Date": " Nov 8 2020",
          "Venue": " Abu Dhabi",
          "Opponent": "Delhi Capitals ",
          "Result": "Capitals won by 17 runs"
     }
][
     {
          "Runs": "8",
          "Balls": "7",
          "Fours": "1",
          "Sixes": "0",
          "Strike Rate": "114.29",
          "Date": " Oct 8 2020",
          "Venue": " Dubai",
          "Opponent": "Punjab Kings ",
          "Result": "Sunrisers won by 69 runs"
     }
][
     {
          "Runs": "20",
          "Balls": "9",
          "Fours": "1",
          "Sixes": "2",
          "Strike Rate": "222.22",
          "Date": " Oct 4 2020",
          "Venue": " Sharjah",
          "Opponent": "Mumbai Indians ",
          "Result": "Mum Indians won by 34 runs"
     }
]