[
     {
          "Runs": "31",
          "Balls": "24",
          "Fours": "4",
          "Sixes": "1",
          "Strike Rate": "129.17",
          "Date": " Oct 2 2020",
          "Venue": " Dubai",
          "Opponent": "Chennai Super Kings ",
          "Result": "Sunrisers won by 7 runs"
     }
][
     {
          "Runs": "1",
          "Balls": "1",
          "Fours": "0",
          "Sixes": "0",
          "Strike Rate": "100.00",
          "Date": " Sep 29 2020",
          "Venue": " Abu Dhabi",
          "Opponent": "Delhi Capitals ",
          "Result": "Sunrisers won by 15 runs"
     }
][
     {
          "Runs": "8",
          "Balls": "5",
          "Fours": "0",
          "Sixes": "1",
          "Strike Rate": "160.00",
          "Date": " Oct 31 2020",
          "Venue": " Sharjah",
          "Opponent": "Royal Challengers Bangalore ",
          "Result": "Sunrisers won by 5 wickets (with 35 balls remaining)"
     }
][
     {
          "Runs": "12",
          "Balls": "6",
          "Fours": "1",
          "Sixes": "1",
          "Strike Rate": "200.00",
          "Date": " Oct 8 2020",
          "Venue": " Dubai",
          "Opponent": "Punjab Kings ",
          "Result": "Sunrisers won by 69 runs"
     }
][
     {
          "Runs": "2",
          "Balls": "3",
          "Fours": "0",
          "Sixes": "0",
          "Strike Rate": "66.67",
          "Date": " Sep 26 2020",
          "Venue": " Abu Dhabi",
          "Opponent": "Kolkata Knight Riders ",
          "Result": "KKR won by 7 wickets (with 12 balls remaining)"
     }
][
     {
          "Runs": "7",
          "Balls": "4",
          "Fours": "1",
          "Sixes": "0",
          "Strike Rate": "175.00",
          "Date": " Sep 21 2020",
          "Venue": " Dubai",
          "Opponent": "Royal Challengers Bangalore ",
          "Result": "RCB won by 10 runs"
     }
][
     {
          "Runs": "10",
          "Balls": "13",
          "Fours": "0",
          "Sixes": "0",
          "Strike Rate": "76.92",
          "Date": " Oct 4 2020",
          "Venue": " Sharjah",
          "Opponent": "Mumbai Indians ",
          "Result": "Mum Indians won by 34 runs"
     }
]