[
     {
          "Runs": "85",
          "Balls": "58",
          "Fours": "10",
          "Sixes": "1",
          "Strike Rate": "146.55",
          "Date": " Nov 3 2020",
          "Venue": " Sharjah",
          "Opponent": "Mumbai Indians ",
          "Result": "Sunrisers won by 10 wickets (with 17 balls remaining)"
     }
][
     {
          "Runs": "48",
          "Balls": "38",
          "Fours": "3",
          "Sixes": "2",
          "Strike Rate": "126.32",
          "Date": " Oct 11 2020",
          "Venue": " Dubai",
          "Opponent": "Rajasthan Royals ",
          "Result": "Royals won by 5 wickets (with 1 ball remaining)"
     }
][
     {
          "Runs": "9",
          "Balls": "13",
          "Fours": "0",
          "Sixes": "0",
          "Strike Rate": "69.23",
          "Date": " Oct 13 2020",
          "Venue": " Dubai",
          "Opponent": "Chennai Super Kings ",
          "Result": "Super Kings won by 20 runs"
     }
][
     {
          "Runs": "4",
          "Balls": "4",
          "Fours": "1",
          "Sixes": "0",
          "Strike Rate": "100.00",
          "Date": " Oct 22 2020",
          "Venue": " Dubai",
          "Opponent": "Rajasthan Royals ",
          "Result": "Sunrisers won by 8 wickets (with 11 balls remaining)"
     }
][
     {
          "Runs": "35",
          "Balls": "20",
          "Fours": "3",
          "Sixes": "2",
          "Strike Rate": "175.00",
          "Date": " Oct 24 2020",
          "Venue": " Dubai",
          "Opponent": "Punjab Kings ",
          "Result": "Kings XI won by 12 runs"
     }
][
     {
          "Runs": "17",
          "Balls": "17",
          "Fours": "3",
          "Sixes": "0",
          "Strike Rate": "100.00",
          "Date": " Nov 6 2020",
          "Venue": " Abu Dhabi",
          "Opponent": "Royal Challengers Bangalore ",
          "Result": "Sunrisers won by 6 wickets (with 2 balls remaining)"
     }
][
     {
          "Runs": "47",
          "Balls": "33",
          "Fours": "5",
          "Sixes": "0",
          "Strike Rate": "142.42",
          "Date": " Oct 18 2020",
          "Venue": " Abu Dhabi",
          "Opponent": "Kolkata Knight Riders ",
          "Result": "Match tied (KKR won the one-over eliminator)"
     }
][
     {
          "Runs": "66",
          "Balls": "34",
          "Fours": "8",
          "Sixes": "2",
          "Strike Rate": "194.12",
          "Date": " Oct 27 2020",
          "Venue": " Dubai",
          "Opponent": "Delhi Capitals ",
          "Result": "Sunrisers won by 88 runs"
     }
][
     {
          "Runs": "28",
          "Balls": "29",
          "Fours": "3",
          "Sixes": "0",
          "Strike Rate": "96.55",
          "Date": " Oct 2 2020",
          "Venue": " Dubai",
          "Opponent": "Chennai Super Kings ",
          "Result": "Sunrisers won by 7 runs"
     }
][
     {
          "Runs": "45",
          "Balls": "33",
          "Fours": "3",
          "Sixes": "2",
          "Strike Rate": "136.36",
          "Date": " Sep 29 2020",
          "Venue": " Abu Dhabi",
          "Opponent": "Delhi Capitals ",
          "Result": "Sunrisers won by 15 runs"
     }
][
     {
          "Runs": "8",
          "Balls": "5",
          "Fours": "0",
          "Sixes": "1",
          "Strike Rate": "160.00",
          "Date": " Oct 31 2020",
          "Venue": " Sharjah",
          "Opponent": "Royal Challengers Bangalore ",
          "Result": "Sunrisers won by 5 wickets (with 35 balls remaining)"
     }
][
     {
          "Runs": "2",
          "Balls": "3",
          "Fours": "0",
          "Sixes": "0",
          "Strike Rate": "66.67",
          "Date": " Nov 8 2020",
          "Venue": " Abu Dhabi",
          "Opponent": "Delhi Capitals ",
          "Result": "Capitals won by 17 runs"
     }
][
     {
          "Runs": "52",
          "Balls": "40",
          "Fours": "5",
          "Sixes": "1",
          "Strike Rate": "130.00",
          "Date": " Oct 8 2020",
          "Venue": " Dubai",
          "Opponent": "Punjab Kings ",
          "Result": "Sunrisers won by 69 runs"
     }
][
     {
          "Runs": "36",
          "Balls": "30",
          "Fours": "2",
          "Sixes": "1",
          "Strike Rate": "120.00",
          "Date": " Sep 26 2020",
          "Venue": " Abu Dhabi",
          "Opponent": "Kolkata Knight Riders ",
          "Result": "KKR won by 7 wickets (with 12 balls remaining)"
     }
][
     {
          "Runs": "6",
          "Balls": "6",
          "Fours": "1",
          "Sixes": "0",
          "Strike Rate": "100.00",
          "Date": " Sep 21 2020",
          "Venue": " Dubai",
          "Opponent": "Royal Challengers Bangalore ",
          "Result": "RCB won by 10 runs"
     }
][
     {
          "Runs": "60",
          "Balls": "44",
          "Fours": "5",
          "Sixes": "2",
          "Strike Rate": "136.36",
          "Date": " Oct 4 2020",
          "Venue": " Sharjah",
          "Opponent": "Mumbai Indians ",
          "Result": "Mum Indians won by 34 runs"
     }
]