[
     {
          "Runs": "5",
          "Balls": "8",
          "Fours": "0",
          "Sixes": "0",
          "Strike Rate": "62.50",
          "Date": " Oct 24 2020",
          "Venue": " Dubai",
          "Opponent": "Punjab Kings ",
          "Result": "Kings XI won by 12 runs"
     }
][
     {
          "Runs": "24",
          "Balls": "20",
          "Fours": "3",
          "Sixes": "0",
          "Strike Rate": "120.00",
          "Date": " Nov 6 2020",
          "Venue": " Abu Dhabi",
          "Opponent": "Royal Challengers Bangalore ",
          "Result": "Sunrisers won by 6 wickets (with 2 balls remaining)"
     }
][
     {
          "Runs": "26",
          "Balls": "10",
          "Fours": "1",
          "Sixes": "3",
          "Strike Rate": "260.00",
          "Date": " Oct 31 2020",
          "Venue": " Sharjah",
          "Opponent": "Royal Challengers Bangalore ",
          "Result": "Sunrisers won by 5 wickets (with 35 balls remaining)"
     }
][
     {
          "Runs": "11",
          "Balls": "15",
          "Fours": "1",
          "Sixes": "0",
          "Strike Rate": "73.33",
          "Date": " Nov 8 2020",
          "Venue": " Abu Dhabi",
          "Opponent": "Delhi Capitals ",
          "Result": "Capitals won by 17 runs"
     }
]