[
     {
          "Runs": "16",
          "Balls": "19",
          "Fours": "0",
          "Sixes": "1",
          "Strike Rate": "84.21",
          "Date": " Oct 11 2020",
          "Venue": " Dubai",
          "Opponent": "Rajasthan Royals ",
          "Result": "Royals won by 5 wickets (with 1 ball remaining)"
     }
][
     {
          "Runs": "23",
          "Balls": "24",
          "Fours": "2",
          "Sixes": "0",
          "Strike Rate": "95.83",
          "Date": " Oct 13 2020",
          "Venue": " Dubai",
          "Opponent": "Chennai Super Kings ",
          "Result": "Super Kings won by 20 runs"
     }
][
     {
          "Runs": "10",
          "Balls": "7",
          "Fours": "1",
          "Sixes": "1",
          "Strike Rate": "142.86",
          "Date": " Oct 22 2020",
          "Venue": " Dubai",
          "Opponent": "Rajasthan Royals ",
          "Result": "Sunrisers won by 8 wickets (with 11 balls remaining)"
     }
][
     {
          "Runs": "19",
          "Balls": "20",
          "Fours": "4",
          "Sixes": "0",
          "Strike Rate": "95.00",
          "Date": " Oct 24 2020",
          "Venue": " Dubai",
          "Opponent": "Punjab Kings ",
          "Result": "Kings XI won by 12 runs"
     }
][
     {
          "Runs": "36",
          "Balls": "28",
          "Fours": "7",
          "Sixes": "0",
          "Strike Rate": "128.57",
          "Date": " Oct 18 2020",
          "Venue": " Abu Dhabi",
          "Opponent": "Kolkata Knight Riders ",
          "Result": "Match tied (KKR won the one-over eliminator)"
     }
][
     {
          "Runs": "0",
          "Balls": "3",
          "Fours": "0",
          "Sixes": "0",
          "Strike Rate": "0.00",
          "Date": " Oct 2 2020",
          "Venue": " Dubai",
          "Opponent": "Chennai Super Kings ",
          "Result": "Sunrisers won by 7 runs"
     }
][
     {
          "Runs": "53",
          "Balls": "48",
          "Fours": "2",
          "Sixes": "1",
          "Strike Rate": "110.42",
          "Date": " Sep 29 2020",
          "Venue": " Abu Dhabi",
          "Opponent": "Delhi Capitals ",
          "Result": "Sunrisers won by 15 runs"
     }
][
     {
          "Runs": "97",
          "Balls": "55",
          "Fours": "7",
          "Sixes": "6",
          "Strike Rate": "176.36",
          "Date": " Oct 8 2020",
          "Venue": " Dubai",
          "Opponent": "Punjab Kings ",
          "Result": "Sunrisers won by 69 runs"
     }
][
     {
          "Runs": "61",
          "Balls": "43",
          "Fours": "6",
          "Sixes": "2",
          "Strike Rate": "141.86",
          "Date": " Sep 21 2020",
          "Venue": " Dubai",
          "Opponent": "Royal Challengers Bangalore ",
          "Result": "RCB won by 10 runs"
     }
][
     {
          "Runs": "25",
          "Balls": "15",
          "Fours": "2",
          "Sixes": "2",
          "Strike Rate": "166.67",
          "Date": " Oct 4 2020",
          "Venue": " Sharjah",
          "Opponent": "Mumbai Indians ",
          "Result": "Mum Indians won by 34 runs"
     }
]