[
     {
          "Runs": "22",
          "Balls": "12",
          "Fours": "0",
          "Sixes": "2",
          "Strike Rate": "183.33",
          "Date": " Oct 11 2020",
          "Venue": " Dubai",
          "Opponent": "Rajasthan Royals ",
          "Result": "Royals won by 5 wickets (with 1 ball remaining)"
     }
][
     {
          "Runs": "57",
          "Balls": "39",
          "Fours": "7",
          "Sixes": "0",
          "Strike Rate": "146.15",
          "Date": " Oct 13 2020",
          "Venue": " Dubai",
          "Opponent": "Chennai Super Kings ",
          "Result": "Super Kings won by 20 runs"
     }
][
     {
          "Runs": "50",
          "Balls": "44",
          "Fours": "2",
          "Sixes": "2",
          "Strike Rate": "113.64",
          "Date": " Nov 6 2020",
          "Venue": " Abu Dhabi",
          "Opponent": "Royal Challengers Bangalore ",
          "Result": "Sunrisers won by 6 wickets (with 2 balls remaining)"
     }
][
     {
          "Runs": "29",
          "Balls": "19",
          "Fours": "4",
          "Sixes": "1",
          "Strike Rate": "152.63",
          "Date": " Oct 18 2020",
          "Venue": " Abu Dhabi",
          "Opponent": "Kolkata Knight Riders ",
          "Result": "Match tied (KKR won the one-over eliminator)"
     }
][
     {
          "Runs": "11",
          "Balls": "10",
          "Fours": "1",
          "Sixes": "0",
          "Strike Rate": "110.00",
          "Date": " Oct 27 2020",
          "Venue": " Dubai",
          "Opponent": "Delhi Capitals ",
          "Result": "Sunrisers won by 88 runs"
     }
][
     {
          "Runs": "9",
          "Balls": "13",
          "Fours": "1",
          "Sixes": "0",
          "Strike Rate": "69.23",
          "Date": " Oct 2 2020",
          "Venue": " Dubai",
          "Opponent": "Chennai Super Kings ",
          "Result": "Sunrisers won by 7 runs"
     }
][
     {
          "Runs": "41",
          "Balls": "26",
          "Fours": "5",
          "Sixes": "0",
          "Strike Rate": "157.69",
          "Date": " Sep 29 2020",
          "Venue": " Abu Dhabi",
          "Opponent": "Delhi Capitals ",
          "Result": "Sunrisers won by 15 runs"
     }
][
     {
          "Runs": "8",
          "Balls": "14",
          "Fours": "0",
          "Sixes": "0",
          "Strike Rate": "57.14",
          "Date": " Oct 31 2020",
          "Venue": " Sharjah",
          "Opponent": "Royal Challengers Bangalore ",
          "Result": "Sunrisers won by 5 wickets (with 35 balls remaining)"
     }
][
     {
          "Runs": "67",
          "Balls": "45",
          "Fours": "5",
          "Sixes": "4",
          "Strike Rate": "148.89",
          "Date": " Nov 8 2020",
          "Venue": " Abu Dhabi",
          "Opponent": "Delhi Capitals ",
          "Result": "Capitals won by 17 runs"
     }
][
     {
          "Runs": "20",
          "Balls": "10",
          "Fours": "1",
          "Sixes": "1",
          "Strike Rate": "200.00",
          "Date": " Oct 8 2020",
          "Venue": " Dubai",
          "Opponent": "Punjab Kings ",
          "Result": "Sunrisers won by 69 runs"
     }
][
     {
          "Runs": "3",
          "Balls": "5",
          "Fours": "0",
          "Sixes": "0",
          "Strike Rate": "60.00",
          "Date": " Oct 4 2020",
          "Venue": " Sharjah",
          "Opponent": "Mumbai Indians ",
          "Result": "Mum Indians won by 34 runs"
     }
]