[
     {
          "Runs": "54",
          "Balls": "44",
          "Fours": "2",
          "Sixes": "3",
          "Strike Rate": "122.73",
          "Date": " Oct 11 2020",
          "Venue": " Dubai",
          "Opponent": "Rajasthan Royals ",
          "Result": "Royals won by 5 wickets (with 1 ball remaining)"
     }
][
     {
          "Runs": "4",
          "Balls": "3",
          "Fours": "1",
          "Sixes": "0",
          "Strike Rate": "133.33",
          "Date": " Oct 13 2020",
          "Venue": " Dubai",
          "Opponent": "Chennai Super Kings ",
          "Result": "Super Kings won by 20 runs"
     }
][
     {
          "Runs": "83",
          "Balls": "47",
          "Fours": "4",
          "Sixes": "8",
          "Strike Rate": "176.60",
          "Date": " Oct 22 2020",
          "Venue": " Dubai",
          "Opponent": "Rajasthan Royals ",
          "Result": "Sunrisers won by 8 wickets (with 11 balls remaining)"
     }
][
     {
          "Runs": "15",
          "Balls": "29",
          "Fours": "0",
          "Sixes": "0",
          "Strike Rate": "51.72",
          "Date": " Oct 24 2020",
          "Venue": " Dubai",
          "Opponent": "Punjab Kings ",
          "Result": "Kings XI won by 12 runs"
     }
][
     {
          "Runs": "24",
          "Balls": "21",
          "Fours": "3",
          "Sixes": "1",
          "Strike Rate": "114.29",
          "Date": " Nov 6 2020",
          "Venue": " Abu Dhabi",
          "Opponent": "Royal Challengers Bangalore ",
          "Result": "Sunrisers won by 6 wickets (with 2 balls remaining)"
     }
][
     {
          "Runs": "6",
          "Balls": "7",
          "Fours": "0",
          "Sixes": "0",
          "Strike Rate": "85.71",
          "Date": " Oct 18 2020",
          "Venue": " Abu Dhabi",
          "Opponent": "Kolkata Knight Riders ",
          "Result": "Match tied (KKR won the one-over eliminator)"
     }
][
     {
          "Runs": "44",
          "Balls": "31",
          "Fours": "4",
          "Sixes": "1",
          "Strike Rate": "141.94",
          "Date": " Oct 27 2020",
          "Venue": " Dubai",
          "Opponent": "Delhi Capitals ",
          "Result": "Sunrisers won by 88 runs"
     }
][
     {
          "Runs": "29",
          "Balls": "21",
          "Fours": "5",
          "Sixes": "0",
          "Strike Rate": "138.10",
          "Date": " Oct 2 2020",
          "Venue": " Dubai",
          "Opponent": "Chennai Super Kings ",
          "Result": "Sunrisers won by 7 runs"
     }
][
     {
          "Runs": "3",
          "Balls": "5",
          "Fours": "0",
          "Sixes": "0",
          "Strike Rate": "60.00",
          "Date": " Sep 29 2020",
          "Venue": " Abu Dhabi",
          "Opponent": "Delhi Capitals ",
          "Result": "Sunrisers won by 15 runs"
     }
][
     {
          "Runs": "26",
          "Balls": "19",
          "Fours": "3",
          "Sixes": "1",
          "Strike Rate": "136.84",
          "Date": " Oct 31 2020",
          "Venue": " Sharjah",
          "Opponent": "Royal Challengers Bangalore ",
          "Result": "Sunrisers won by 5 wickets (with 35 balls remaining)"
     }
][
     {
          "Runs": "21",
          "Balls": "14",
          "Fours": "3",
          "Sixes": "0",
          "Strike Rate": "150.00",
          "Date": " Nov 8 2020",
          "Venue": " Abu Dhabi",
          "Opponent": "Delhi Capitals ",
          "Result": "Capitals won by 17 runs"
     }
][
     {
          "Runs": "1",
          "Balls": "2",
          "Fours": "0",
          "Sixes": "0",
          "Strike Rate": "50.00",
          "Date": " Oct 8 2020",
          "Venue": " Dubai",
          "Opponent": "Punjab Kings ",
          "Result": "Sunrisers won by 69 runs"
     }
][
     {
          "Runs": "51",
          "Balls": "38",
          "Fours": "3",
          "Sixes": "2",
          "Strike Rate": "134.21",
          "Date": " Sep 26 2020",
          "Venue": " Abu Dhabi",
          "Opponent": "Kolkata Knight Riders ",
          "Result": "KKR won by 7 wickets (with 12 balls remaining)"
     }
][
     {
          "Runs": "34",
          "Balls": "33",
          "Fours": "3",
          "Sixes": "1",
          "Strike Rate": "103.03",
          "Date": " Sep 21 2020",
          "Venue": " Dubai",
          "Opponent": "Royal Challengers Bangalore ",
          "Result": "RCB won by 10 runs"
     }
][
     {
          "Runs": "30",
          "Balls": "19",
          "Fours": "4",
          "Sixes": "1",
          "Strike Rate": "157.89",
          "Date": " Oct 4 2020",
          "Venue": " Sharjah",
          "Opponent": "Mumbai Indians ",
          "Result": "Mum Indians won by 34 runs"
     }
]