[
     {
          "Runs": "12",
          "Balls": "7",
          "Fours": "0",
          "Sixes": "1",
          "Strike Rate": "171.43",
          "Date": " Oct 13 2020",
          "Venue": " Dubai",
          "Opponent": "Chennai Super Kings ",
          "Result": "Super Kings won by 20 runs"
     }
][
     {
          "Runs": "52",
          "Balls": "51",
          "Fours": "6",
          "Sixes": "0",
          "Strike Rate": "101.96",
          "Date": " Oct 22 2020",
          "Venue": " Dubai",
          "Opponent": "Rajasthan Royals ",
          "Result": "Sunrisers won by 8 wickets (with 11 balls remaining)"
     }
][
     {
          "Runs": "26",
          "Balls": "27",
          "Fours": "4",
          "Sixes": "0",
          "Strike Rate": "96.30",
          "Date": " Oct 24 2020",
          "Venue": " Dubai",
          "Opponent": "Punjab Kings ",
          "Result": "Kings XI won by 12 runs"
     }
][
     {
          "Runs": "7",
          "Balls": "10",
          "Fours": "0",
          "Sixes": "0",
          "Strike Rate": "70.00",
          "Date": " Oct 18 2020",
          "Venue": " Abu Dhabi",
          "Opponent": "Kolkata Knight Riders ",
          "Result": "Match tied (KKR won the one-over eliminator)"
     }
][
     {
          "Runs": "0",
          "Balls": "1",
          "Fours": "0",
          "Sixes": "0",
          "Strike Rate": "0.00",
          "Date": " Sep 21 2020",
          "Venue": " Dubai",
          "Opponent": "Royal Challengers Bangalore ",
          "Result": "RCB won by 10 runs"
     }
]