[
     {
          "Runs": "58",
          "Balls": "45",
          "Fours": "7",
          "Sixes": "1",
          "Strike Rate": "128.89",
          "Date": " Nov 3 2020",
          "Venue": " Sharjah",
          "Opponent": "Mumbai Indians ",
          "Result": "Sunrisers won by 10 wickets (with 17 balls remaining)"
     }
][
     {
          "Runs": "87",
          "Balls": "45",
          "Fours": "12",
          "Sixes": "2",
          "Strike Rate": "193.33",
          "Date": " Oct 27 2020",
          "Venue": " Dubai",
          "Opponent": "Delhi Capitals ",
          "Result": "Sunrisers won by 88 runs"
     }
][
     {
          "Runs": "39",
          "Balls": "32",
          "Fours": "4",
          "Sixes": "1",
          "Strike Rate": "121.88",
          "Date": " Oct 31 2020",
          "Venue": " Sharjah",
          "Opponent": "Royal Challengers Bangalore ",
          "Result": "Sunrisers won by 5 wickets (with 35 balls remaining)"
     }
][
     {
          "Runs": "30",
          "Balls": "31",
          "Fours": "1",
          "Sixes": "1",
          "Strike Rate": "96.77",
          "Date": " Sep 26 2020",
          "Venue": " Abu Dhabi",
          "Opponent": "Kolkata Knight Riders ",
          "Result": "KKR won by 7 wickets (with 12 balls remaining)"
     }
]