[
     {
          "Runs": "2",
          "Balls": "5",
          "Fours": "0",
          "Sixes": "0",
          "Strike Rate": "40.00",
          "Date": " Oct 6 2020",
          "Venue": " Abu Dhabi",
          "Opponent": "Mumbai Indians ",
          "Result": "Mum Indians won by 57 runs"
     }
][
     {
          "Runs": "7",
          "Balls": "5",
          "Fours": "0",
          "Sixes": "1",
          "Strike Rate": "140.00",
          "Date": " Sep 30 2020",
          "Venue": " Dubai",
          "Opponent": "Kolkata Knight Riders ",
          "Result": "KKR won by 37 runs"
     }
]