[
     {
          "Runs": "5",
          "Balls": "6",
          "Fours": "1",
          "Sixes": "0",
          "Strike Rate": "83.33",
          "Date": " Oct 11 2020",
          "Venue": " Dubai",
          "Opponent": "Sunrisers Hyderabad ",
          "Result": "Royals won by 5 wickets (with 1 ball remaining)"
     }
][
     {
          "Runs": "30",
          "Balls": "32",
          "Fours": "2",
          "Sixes": "0",
          "Strike Rate": "93.75",
          "Date": " Oct 22 2020",
          "Venue": " Dubai",
          "Opponent": "Sunrisers Hyderabad ",
          "Result": "Sunrisers won by 8 wickets (with 11 balls remaining)"
     }
][
     {
          "Runs": "41",
          "Balls": "35",
          "Fours": "6",
          "Sixes": "0",
          "Strike Rate": "117.14",
          "Date": " Oct 14 2020",
          "Venue": " Dubai",
          "Opponent": "Delhi Capitals ",
          "Result": "Capitals won by 13 runs"
     }
][
     {
          "Runs": "19",
          "Balls": "11",
          "Fours": "3",
          "Sixes": "0",
          "Strike Rate": "172.73",
          "Date": " Oct 19 2020",
          "Venue": " Abu Dhabi",
          "Opponent": "Chennai Super Kings ",
          "Result": "Royals won by 7 wickets (with 15 balls remaining)"
     }
][
     {
          "Runs": "50",
          "Balls": "26",
          "Fours": "6",
          "Sixes": "3",
          "Strike Rate": "192.31",
          "Date": " Oct 30 2020",
          "Venue": " Abu Dhabi",
          "Opponent": "Punjab Kings ",
          "Result": "Royals won by 7 wickets (with 15 balls remaining)"
     }
][
     {
          "Runs": "15",
          "Balls": "19",
          "Fours": "2",
          "Sixes": "0",
          "Strike Rate": "78.95",
          "Date": " Oct 17 2020",
          "Venue": " Dubai",
          "Opponent": "Royal Challengers Bangalore ",
          "Result": "RCB won by 7 wickets (with 2 balls remaining)"
     }
][
     {
          "Runs": "107",
          "Balls": "60",
          "Fours": "14",
          "Sixes": "3",
          "Strike Rate": "178.33",
          "Date": " Oct 25 2020",
          "Venue": " Abu Dhabi",
          "Opponent": "Mumbai Indians ",
          "Result": "Royals won by 8 wickets (with 10 balls remaining)"
     }
][
     {
          "Runs": "18",
          "Balls": "11",
          "Fours": "2",
          "Sixes": "1",
          "Strike Rate": "163.64",
          "Date": " Nov 1 2020",
          "Venue": " Dubai",
          "Opponent": "Kolkata Knight Riders ",
          "Result": "KKR won by 60 runs"
     }
]