[
     {
          "Runs": "16",
          "Balls": "10",
          "Fours": "1",
          "Sixes": "1",
          "Strike Rate": "160.00",
          "Date": " Oct 3 2020",
          "Venue": " Abu Dhabi",
          "Opponent": "Royal Challengers Bangalore ",
          "Result": "RCB won by 8 wickets (with 5 balls remaining)"
     }
][
     {
          "Runs": "16",
          "Balls": "7",
          "Fours": "1",
          "Sixes": "1",
          "Strike Rate": "228.57",
          "Date": " Oct 22 2020",
          "Venue": " Dubai",
          "Opponent": "Sunrisers Hyderabad ",
          "Result": "Sunrisers won by 8 wickets (with 11 balls remaining)"
     }
][
     {
          "Runs": "1",
          "Balls": "4",
          "Fours": "0",
          "Sixes": "0",
          "Strike Rate": "25.00",
          "Date": " Oct 14 2020",
          "Venue": " Dubai",
          "Opponent": "Delhi Capitals ",
          "Result": "Capitals won by 13 runs"
     }
][
     {
          "Runs": "27",
          "Balls": "8",
          "Fours": "0",
          "Sixes": "4",
          "Strike Rate": "337.50",
          "Date": " Sep 22 2020",
          "Venue": " Sharjah",
          "Opponent": "Chennai Super Kings ",
          "Result": "Royals won by 16 runs"
     }
][
     {
          "Runs": "24",
          "Balls": "11",
          "Fours": "3",
          "Sixes": "1",
          "Strike Rate": "218.18",
          "Date": " Oct 6 2020",
          "Venue": " Abu Dhabi",
          "Opponent": "Mumbai Indians ",
          "Result": "Mum Indians won by 57 runs"
     }
][
     {
          "Runs": "2",
          "Balls": "3",
          "Fours": "0",
          "Sixes": "0",
          "Strike Rate": "66.67",
          "Date": " Oct 17 2020",
          "Venue": " Dubai",
          "Opponent": "Royal Challengers Bangalore ",
          "Result": "RCB won by 7 wickets (with 2 balls remaining)"
     }
][
     {
          "Runs": "13",
          "Balls": "3",
          "Fours": "0",
          "Sixes": "2",
          "Strike Rate": "433.33",
          "Date": " Sep 27 2020",
          "Venue": " Sharjah",
          "Opponent": "Punjab Kings ",
          "Result": "Royals won by 4 wickets (with 3 balls remaining)"
     }
][
     {
          "Runs": "2",
          "Balls": "4",
          "Fours": "0",
          "Sixes": "0",
          "Strike Rate": "50.00",
          "Date": " Oct 9 2020",
          "Venue": " Sharjah",
          "Opponent": "Delhi Capitals ",
          "Result": "Capitals won by 46 runs"
     }
][
     {
          "Runs": "6",
          "Balls": "4",
          "Fours": "0",
          "Sixes": "1",
          "Strike Rate": "150.00",
          "Date": " Sep 30 2020",
          "Venue": " Dubai",
          "Opponent": "Kolkata Knight Riders ",
          "Result": "KKR won by 37 runs"
     }
][
     {
          "Runs": "6",
          "Balls": "9",
          "Fours": "0",
          "Sixes": "0",
          "Strike Rate": "66.67",
          "Date": " Nov 1 2020",
          "Venue": " Dubai",
          "Opponent": "Kolkata Knight Riders ",
          "Result": "KKR won by 60 runs"
     }
]