[
     {
          "Runs": "9",
          "Balls": "12",
          "Fours": "0",
          "Sixes": "0",
          "Strike Rate": "75.00",
          "Date": " Oct 22 2020",
          "Venue": " Dubai",
          "Opponent": "Sunrisers Hyderabad ",
          "Result": "Sunrisers won by 8 wickets (with 11 balls remaining)"
     }
][
     {
          "Runs": "70",
          "Balls": "48",
          "Fours": "7",
          "Sixes": "2",
          "Strike Rate": "145.83",
          "Date": " Oct 19 2020",
          "Venue": " Abu Dhabi",
          "Opponent": "Chennai Super Kings ",
          "Result": "Royals won by 7 wickets (with 15 balls remaining)"
     }
][
     {
          "Runs": "22",
          "Balls": "11",
          "Fours": "1",
          "Sixes": "2",
          "Strike Rate": "200.00",
          "Date": " Oct 30 2020",
          "Venue": " Abu Dhabi",
          "Opponent": "Punjab Kings ",
          "Result": "Royals won by 7 wickets (with 15 balls remaining)"
     }
][
     {
          "Runs": "24",
          "Balls": "25",
          "Fours": "1",
          "Sixes": "1",
          "Strike Rate": "96.00",
          "Date": " Oct 17 2020",
          "Venue": " Dubai",
          "Opponent": "Royal Challengers Bangalore ",
          "Result": "RCB won by 7 wickets (with 2 balls remaining)"
     }
][
     {
          "Runs": "35",
          "Balls": "22",
          "Fours": "4",
          "Sixes": "1",
          "Strike Rate": "159.09",
          "Date": " Nov 1 2020",
          "Venue": " Dubai",
          "Opponent": "Kolkata Knight Riders ",
          "Result": "KKR won by 60 runs"
     }
]