[
     {
          "Runs": "16",
          "Balls": "13",
          "Fours": "1",
          "Sixes": "1",
          "Strike Rate": "123.08",
          "Date": " Oct 11 2020",
          "Venue": " Dubai",
          "Opponent": "Sunrisers Hyderabad ",
          "Result": "Royals won by 5 wickets (with 1 ball remaining)"
     }
][
     {
          "Runs": "22",
          "Balls": "12",
          "Fours": "3",
          "Sixes": "1",
          "Strike Rate": "183.33",
          "Date": " Oct 3 2020",
          "Venue": " Abu Dhabi",
          "Opponent": "Royal Challengers Bangalore ",
          "Result": "RCB won by 8 wickets (with 5 balls remaining)"
     }
][
     {
          "Runs": "22",
          "Balls": "9",
          "Fours": "3",
          "Sixes": "1",
          "Strike Rate": "244.44",
          "Date": " Oct 14 2020",
          "Venue": " Dubai",
          "Opponent": "Delhi Capitals ",
          "Result": "Capitals won by 13 runs"
     }
][
     {
          "Runs": "70",
          "Balls": "44",
          "Fours": "4",
          "Sixes": "5",
          "Strike Rate": "159.09",
          "Date": " Oct 6 2020",
          "Venue": " Abu Dhabi",
          "Opponent": "Mumbai Indians ",
          "Result": "Mum Indians won by 57 runs"
     }
][
     {
          "Runs": "4",
          "Balls": "7",
          "Fours": "0",
          "Sixes": "0",
          "Strike Rate": "57.14",
          "Date": " Sep 27 2020",
          "Venue": " Sharjah",
          "Opponent": "Punjab Kings ",
          "Result": "Royals won by 4 wickets (with 3 balls remaining)"
     }
][
     {
          "Runs": "13",
          "Balls": "8",
          "Fours": "2",
          "Sixes": "0",
          "Strike Rate": "162.50",
          "Date": " Oct 9 2020",
          "Venue": " Sharjah",
          "Opponent": "Delhi Capitals ",
          "Result": "Capitals won by 46 runs"
     }
][
     {
          "Runs": "21",
          "Balls": "16",
          "Fours": "1",
          "Sixes": "2",
          "Strike Rate": "131.25",
          "Date": " Sep 30 2020",
          "Venue": " Dubai",
          "Opponent": "Kolkata Knight Riders ",
          "Result": "KKR won by 37 runs"
     }
]