[
     {
          "Runs": "45",
          "Balls": "28",
          "Fours": "4",
          "Sixes": "2",
          "Strike Rate": "160.71",
          "Date": " Oct 11 2020",
          "Venue": " Dubai",
          "Opponent": "Sunrisers Hyderabad ",
          "Result": "Royals won by 5 wickets (with 1 ball remaining)"
     }
][
     {
          "Runs": "24",
          "Balls": "12",
          "Fours": "0",
          "Sixes": "3",
          "Strike Rate": "200.00",
          "Date": " Oct 3 2020",
          "Venue": " Abu Dhabi",
          "Opponent": "Royal Challengers Bangalore ",
          "Result": "RCB won by 8 wickets (with 5 balls remaining)"
     }
][
     {
          "Runs": "2",
          "Balls": "3",
          "Fours": "0",
          "Sixes": "0",
          "Strike Rate": "66.67",
          "Date": " Oct 22 2020",
          "Venue": " Dubai",
          "Opponent": "Sunrisers Hyderabad ",
          "Result": "Sunrisers won by 8 wickets (with 11 balls remaining)"
     }
][
     {
          "Runs": "14",
          "Balls": "18",
          "Fours": "1",
          "Sixes": "0",
          "Strike Rate": "77.78",
          "Date": " Oct 14 2020",
          "Venue": " Dubai",
          "Opponent": "Delhi Capitals ",
          "Result": "Capitals won by 13 runs"
     }
][
     {
          "Runs": "10",
          "Balls": "8",
          "Fours": "1",
          "Sixes": "0",
          "Strike Rate": "125.00",
          "Date": " Sep 22 2020",
          "Venue": " Sharjah",
          "Opponent": "Chennai Super Kings ",
          "Result": "Royals won by 16 runs"
     }
][
     {
          "Runs": "5",
          "Balls": "6",
          "Fours": "1",
          "Sixes": "0",
          "Strike Rate": "83.33",
          "Date": " Oct 6 2020",
          "Venue": " Abu Dhabi",
          "Opponent": "Mumbai Indians ",
          "Result": "Mum Indians won by 57 runs"
     }
][
     {
          "Runs": "19",
          "Balls": "11",
          "Fours": "1",
          "Sixes": "1",
          "Strike Rate": "172.73",
          "Date": " Oct 17 2020",
          "Venue": " Dubai",
          "Opponent": "Royal Challengers Bangalore ",
          "Result": "RCB won by 7 wickets (with 2 balls remaining)"
     }
][
     {
          "Runs": "53",
          "Balls": "31",
          "Fours": "0",
          "Sixes": "7",
          "Strike Rate": "170.97",
          "Date": " Sep 27 2020",
          "Venue": " Sharjah",
          "Opponent": "Punjab Kings ",
          "Result": "Royals won by 4 wickets (with 3 balls remaining)"
     }
][
     {
          "Runs": "38",
          "Balls": "29",
          "Fours": "3",
          "Sixes": "2",
          "Strike Rate": "131.03",
          "Date": " Oct 9 2020",
          "Venue": " Sharjah",
          "Opponent": "Delhi Capitals ",
          "Result": "Capitals won by 46 runs"
     }
][
     {
          "Runs": "14",
          "Balls": "10",
          "Fours": "0",
          "Sixes": "1",
          "Strike Rate": "140.00",
          "Date": " Sep 30 2020",
          "Venue": " Dubai",
          "Opponent": "Kolkata Knight Riders ",
          "Result": "KKR won by 37 runs"
     }
][
     {
          "Runs": "31",
          "Balls": "27",
          "Fours": "2",
          "Sixes": "1",
          "Strike Rate": "114.81",
          "Date": " Nov 1 2020",
          "Venue": " Dubai",
          "Opponent": "Kolkata Knight Riders ",
          "Result": "KKR won by 60 runs"
     }
]