[
     {
          "Runs": "42",
          "Balls": "26",
          "Fours": "2",
          "Sixes": "2",
          "Strike Rate": "161.54",
          "Date": " Oct 11 2020",
          "Venue": " Dubai",
          "Opponent": "Sunrisers Hyderabad ",
          "Result": "Royals won by 5 wickets (with 1 ball remaining)"
     }
][
     {
          "Runs": "16",
          "Balls": "18",
          "Fours": "1",
          "Sixes": "0",
          "Strike Rate": "88.89",
          "Date": " Oct 3 2020",
          "Venue": " Abu Dhabi",
          "Opponent": "Royal Challengers Bangalore ",
          "Result": "RCB won by 8 wickets (with 5 balls remaining)"
     }
][
     {
          "Runs": "20",
          "Balls": "12",
          "Fours": "2",
          "Sixes": "1",
          "Strike Rate": "166.67",
          "Date": " Oct 22 2020",
          "Venue": " Dubai",
          "Opponent": "Sunrisers Hyderabad ",
          "Result": "Sunrisers won by 8 wickets (with 11 balls remaining)"
     }
][
     {
          "Runs": "1",
          "Balls": "2",
          "Fours": "0",
          "Sixes": "0",
          "Strike Rate": "50.00",
          "Date": " Oct 14 2020",
          "Venue": " Dubai",
          "Opponent": "Delhi Capitals ",
          "Result": "Capitals won by 13 runs"
     }
][
     {
          "Runs": "6",
          "Balls": "4",
          "Fours": "1",
          "Sixes": "0",
          "Strike Rate": "150.00",
          "Date": " Sep 22 2020",
          "Venue": " Sharjah",
          "Opponent": "Chennai Super Kings ",
          "Result": "Royals won by 16 runs"
     }
][
     {
          "Runs": "0",
          "Balls": "2",
          "Fours": "0",
          "Sixes": "0",
          "Strike Rate": "0.00",
          "Date": " Sep 27 2020",
          "Venue": " Sharjah",
          "Opponent": "Punjab Kings ",
          "Result": "Royals won by 4 wickets (with 3 balls remaining)"
     }
][
     {
          "Runs": "1",
          "Balls": "6",
          "Fours": "0",
          "Sixes": "0",
          "Strike Rate": "16.67",
          "Date": " Sep 30 2020",
          "Venue": " Dubai",
          "Opponent": "Kolkata Knight Riders ",
          "Result": "KKR won by 37 runs"
     }
][
     {
          "Runs": "0",
          "Balls": "7",
          "Fours": "0",
          "Sixes": "0",
          "Strike Rate": "0.00",
          "Date": " Nov 1 2020",
          "Venue": " Dubai",
          "Opponent": "Kolkata Knight Riders ",
          "Result": "KKR won by 60 runs"
     }
]