[
     {
          "Runs": "26",
          "Balls": "25",
          "Fours": "3",
          "Sixes": "0",
          "Strike Rate": "104.00",
          "Date": " Oct 11 2020",
          "Venue": " Dubai",
          "Opponent": "Sunrisers Hyderabad ",
          "Result": "Royals won by 5 wickets (with 1 ball remaining)"
     }
][
     {
          "Runs": "4",
          "Balls": "3",
          "Fours": "1",
          "Sixes": "0",
          "Strike Rate": "133.33",
          "Date": " Oct 3 2020",
          "Venue": " Abu Dhabi",
          "Opponent": "Royal Challengers Bangalore ",
          "Result": "RCB won by 8 wickets (with 5 balls remaining)"
     }
][
     {
          "Runs": "25",
          "Balls": "18",
          "Fours": "0",
          "Sixes": "2",
          "Strike Rate": "138.89",
          "Date": " Oct 14 2020",
          "Venue": " Dubai",
          "Opponent": "Delhi Capitals ",
          "Result": "Capitals won by 13 runs"
     }
][
     {
          "Runs": "0",
          "Balls": "3",
          "Fours": "0",
          "Sixes": "0",
          "Strike Rate": "0.00",
          "Date": " Oct 6 2020",
          "Venue": " Abu Dhabi",
          "Opponent": "Mumbai Indians ",
          "Result": "Mum Indians won by 57 runs"
     }
][
     {
          "Runs": "85",
          "Balls": "42",
          "Fours": "4",
          "Sixes": "7",
          "Strike Rate": "202.38",
          "Date": " Sep 27 2020",
          "Venue": " Sharjah",
          "Opponent": "Punjab Kings ",
          "Result": "Royals won by 4 wickets (with 3 balls remaining)"
     }
][
     {
          "Runs": "5",
          "Balls": "9",
          "Fours": "0",
          "Sixes": "0",
          "Strike Rate": "55.56",
          "Date": " Oct 9 2020",
          "Venue": " Sharjah",
          "Opponent": "Delhi Capitals ",
          "Result": "Capitals won by 46 runs"
     }
][
     {
          "Runs": "8",
          "Balls": "9",
          "Fours": "1",
          "Sixes": "0",
          "Strike Rate": "88.89",
          "Date": " Sep 30 2020",
          "Venue": " Dubai",
          "Opponent": "Kolkata Knight Riders ",
          "Result": "KKR won by 37 runs"
     }
]