[
     {
          "Runs": "6",
          "Balls": "4",
          "Fours": "1",
          "Sixes": "0",
          "Strike Rate": "150.00",
          "Date": " Oct 14 2020",
          "Venue": " Dubai",
          "Opponent": "Delhi Capitals ",
          "Result": "Capitals won by 13 runs"
     }
][
     {
          "Runs": "1",
          "Balls": "2",
          "Fours": "0",
          "Sixes": "0",
          "Strike Rate": "50.00",
          "Date": " Oct 6 2020",
          "Venue": " Abu Dhabi",
          "Opponent": "Mumbai Indians ",
          "Result": "Mum Indians won by 57 runs"
     }
][
     {
          "Runs": "2",
          "Balls": "3",
          "Fours": "0",
          "Sixes": "0",
          "Strike Rate": "66.67",
          "Date": " Oct 9 2020",
          "Venue": " Sharjah",
          "Opponent": "Delhi Capitals ",
          "Result": "Capitals won by 46 runs"
     }
][
     {
          "Runs": "5",
          "Balls": "7",
          "Fours": "0",
          "Sixes": "0",
          "Strike Rate": "71.43",
          "Date": " Sep 30 2020",
          "Venue": " Dubai",
          "Opponent": "Kolkata Knight Riders ",
          "Result": "KKR won by 37 runs"
     }
][
     {
          "Runs": "23",
          "Balls": "23",
          "Fours": "2",
          "Sixes": "0",
          "Strike Rate": "100.00",
          "Date": " Nov 1 2020",
          "Venue": " Dubai",
          "Opponent": "Kolkata Knight Riders ",
          "Result": "KKR won by 60 runs"
     }
]