[
     {
          "Runs": "6",
          "Balls": "6",
          "Fours": "1",
          "Sixes": "0",
          "Strike Rate": "100.00",
          "Date": " Sep 22 2020",
          "Venue": " Sharjah",
          "Opponent": "Chennai Super Kings ",
          "Result": "Royals won by 16 runs"
     }
][
     {
          "Runs": "0",
          "Balls": "2",
          "Fours": "0",
          "Sixes": "0",
          "Strike Rate": "0.00",
          "Date": " Oct 6 2020",
          "Venue": " Abu Dhabi",
          "Opponent": "Mumbai Indians ",
          "Result": "Mum Indians won by 57 runs"
     }
][
     {
          "Runs": "34",
          "Balls": "36",
          "Fours": "1",
          "Sixes": "2",
          "Strike Rate": "94.44",
          "Date": " Oct 9 2020",
          "Venue": " Sharjah",
          "Opponent": "Delhi Capitals ",
          "Result": "Capitals won by 46 runs"
     }
]