[
     {
          "Runs": "14",
          "Balls": "10",
          "Fours": "0",
          "Sixes": "2",
          "Strike Rate": "140.00",
          "Date": " Sep 19 2020",
          "Venue": " Abu Dhabi",
          "Opponent": "Chennai Super Kings ",
          "Result": "Super Kings won by 5 wickets (with 4 balls remaining)"
     }
][
     {
          "Runs": "8",
          "Balls": "4",
          "Fours": "0",
          "Sixes": "1",
          "Strike Rate": "200.00",
          "Date": " Oct 18 2020",
          "Venue": " Dubai",
          "Opponent": "Punjab Kings ",
          "Result": "Match tied (Kings XI won the one-over eliminator)"
     }
][
     {
          "Runs": "15",
          "Balls": "13",
          "Fours": "0",
          "Sixes": "1",
          "Strike Rate": "115.38",
          "Date": " Sep 28 2020",
          "Venue": " Dubai",
          "Opponent": "Royal Challengers Bangalore ",
          "Result": "Match tied (RCB won the one-over eliminator)"
     }
][
     {
          "Runs": "30",
          "Balls": "19",
          "Fours": "2",
          "Sixes": "1",
          "Strike Rate": "157.89",
          "Date": " Oct 6 2020",
          "Venue": " Abu Dhabi",
          "Opponent": "Rajasthan Royals ",
          "Result": "Mum Indians won by 57 runs"
     }
][
     {
          "Runs": "18",
          "Balls": "13",
          "Fours": "2",
          "Sixes": "1",
          "Strike Rate": "138.46",
          "Date": " Sep 23 2020",
          "Venue": " Abu Dhabi",
          "Opponent": "Kolkata Knight Riders ",
          "Result": "Mum Indians won by 49 runs"
     }
][
     {
          "Runs": "30",
          "Balls": "11",
          "Fours": "3",
          "Sixes": "2",
          "Strike Rate": "272.73",
          "Date": " Oct 1 2020",
          "Venue": " Abu Dhabi",
          "Opponent": "Punjab Kings ",
          "Result": "Mum Indians won by 48 runs"
     }
][
     {
          "Runs": "60",
          "Balls": "21",
          "Fours": "2",
          "Sixes": "7",
          "Strike Rate": "285.71",
          "Date": " Oct 25 2020",
          "Venue": " Abu Dhabi",
          "Opponent": "Rajasthan Royals ",
          "Result": "Royals won by 8 wickets (with 10 balls remaining)"
     }
][
     {
          "Runs": "3",
          "Balls": "5",
          "Fours": "0",
          "Sixes": "0",
          "Strike Rate": "60.00",
          "Date": " Nov 10 2020",
          "Venue": " Dubai",
          "Opponent": "Delhi Capitals ",
          "Result": "Mum Indians won by 5 wickets (with 8 balls remaining)"
     }
][
     {
          "Runs": "37",
          "Balls": "14",
          "Fours": "0",
          "Sixes": "5",
          "Strike Rate": "264.29",
          "Date": " Nov 5 2020",
          "Venue": " Dubai",
          "Opponent": "Delhi Capitals ",
          "Result": "Mum Indians won by 57 runs"
     }
][
     {
          "Runs": "0",
          "Balls": "2",
          "Fours": "0",
          "Sixes": "0",
          "Strike Rate": "0.00",
          "Date": " Oct 11 2020",
          "Venue": " Abu Dhabi",
          "Opponent": "Delhi Capitals ",
          "Result": "Mum Indians won by 5 wickets (with 2 balls remaining)"
     }
][
     {
          "Runs": "28",
          "Balls": "19",
          "Fours": "2",
          "Sixes": "2",
          "Strike Rate": "147.37",
          "Date": " Oct 4 2020",
          "Venue": " Sharjah",
          "Opponent": "Sunrisers Hyderabad ",
          "Result": "Mum Indians won by 34 runs"
     }
][
     {
          "Runs": "17",
          "Balls": "15",
          "Fours": "0",
          "Sixes": "2",
          "Strike Rate": "113.33",
          "Date": " Oct 28 2020",
          "Venue": " Abu Dhabi",
          "Opponent": "Royal Challengers Bangalore ",
          "Result": "Mum Indians won by 5 wickets (with 5 balls remaining)"
     }
][
     {
          "Runs": "21",
          "Balls": "11",
          "Fours": "3",
          "Sixes": "1",
          "Strike Rate": "190.91",
          "Date": " Oct 16 2020",
          "Venue": " Abu Dhabi",
          "Opponent": "Kolkata Knight Riders ",
          "Result": "Mum Indians won by 8 wickets (with 19 balls remaining)"
     }
]