[
     {
          "Runs": "33",
          "Balls": "30",
          "Fours": "1",
          "Sixes": "2",
          "Strike Rate": "110.00",
          "Date": " Nov 3 2020",
          "Venue": " Sharjah",
          "Opponent": "Sunrisers Hyderabad ",
          "Result": "Sunrisers won by 10 wickets (with 17 balls remaining)"
     }
][
     {
          "Runs": "7",
          "Balls": "7",
          "Fours": "1",
          "Sixes": "0",
          "Strike Rate": "100.00",
          "Date": " Oct 18 2020",
          "Venue": " Dubai",
          "Opponent": "Punjab Kings ",
          "Result": "Match tied (Kings XI won the one-over eliminator)"
     }
][
     {
          "Runs": "99",
          "Balls": "58",
          "Fours": "2",
          "Sixes": "9",
          "Strike Rate": "170.69",
          "Date": " Sep 28 2020",
          "Venue": " Dubai",
          "Opponent": "Royal Challengers Bangalore ",
          "Result": "Match tied (RCB won the one-over eliminator)"
     }
][
     {
          "Runs": "68",
          "Balls": "37",
          "Fours": "6",
          "Sixes": "5",
          "Strike Rate": "183.78",
          "Date": " Oct 23 2020",
          "Venue": " Sharjah",
          "Opponent": "Chennai Super Kings ",
          "Result": "Mum Indians won by 10 wickets (with 46 balls remaining)"
     }
][
     {
          "Runs": "0",
          "Balls": "1",
          "Fours": "0",
          "Sixes": "0",
          "Strike Rate": "0.00",
          "Date": " Oct 6 2020",
          "Venue": " Abu Dhabi",
          "Opponent": "Rajasthan Royals ",
          "Result": "Mum Indians won by 57 runs"
     }
][
     {
          "Runs": "28",
          "Balls": "32",
          "Fours": "1",
          "Sixes": "1",
          "Strike Rate": "87.50",
          "Date": " Oct 1 2020",
          "Venue": " Abu Dhabi",
          "Opponent": "Punjab Kings ",
          "Result": "Mum Indians won by 48 runs"
     }
][
     {
          "Runs": "37",
          "Balls": "36",
          "Fours": "4",
          "Sixes": "1",
          "Strike Rate": "102.78",
          "Date": " Oct 25 2020",
          "Venue": " Abu Dhabi",
          "Opponent": "Rajasthan Royals ",
          "Result": "Royals won by 8 wickets (with 10 balls remaining)"
     }
][
     {
          "Runs": "72",
          "Balls": "47",
          "Fours": "8",
          "Sixes": "3",
          "Strike Rate": "153.19",
          "Date": " Oct 31 2020",
          "Venue": " Dubai",
          "Opponent": "Delhi Capitals ",
          "Result": "Mum Indians won by 9 wickets (with 34 balls remaining)"
     }
][
     {
          "Runs": "33",
          "Balls": "19",
          "Fours": "3",
          "Sixes": "1",
          "Strike Rate": "173.68",
          "Date": " Nov 10 2020",
          "Venue": " Dubai",
          "Opponent": "Delhi Capitals ",
          "Result": "Mum Indians won by 5 wickets (with 8 balls remaining)"
     }
][
     {
          "Runs": "55",
          "Balls": "30",
          "Fours": "4",
          "Sixes": "3",
          "Strike Rate": "183.33",
          "Date": " Nov 5 2020",
          "Venue": " Dubai",
          "Opponent": "Delhi Capitals ",
          "Result": "Mum Indians won by 57 runs"
     }
][
     {
          "Runs": "28",
          "Balls": "15",
          "Fours": "2",
          "Sixes": "2",
          "Strike Rate": "186.67",
          "Date": " Oct 11 2020",
          "Venue": " Abu Dhabi",
          "Opponent": "Delhi Capitals ",
          "Result": "Mum Indians won by 5 wickets (with 2 balls remaining)"
     }
][
     {
          "Runs": "31",
          "Balls": "23",
          "Fours": "1",
          "Sixes": "2",
          "Strike Rate": "134.78",
          "Date": " Oct 4 2020",
          "Venue": " Sharjah",
          "Opponent": "Sunrisers Hyderabad ",
          "Result": "Mum Indians won by 34 runs"
     }
][
     {
          "Runs": "25",
          "Balls": "19",
          "Fours": "3",
          "Sixes": "1",
          "Strike Rate": "131.58",
          "Date": " Oct 28 2020",
          "Venue": " Abu Dhabi",
          "Opponent": "Royal Challengers Bangalore ",
          "Result": "Mum Indians won by 5 wickets (with 5 balls remaining)"
     }
]