[
     {
          "Runs": "4",
          "Balls": "5",
          "Fours": "0",
          "Sixes": "0",
          "Strike Rate": "80.00",
          "Date": " Nov 3 2020",
          "Venue": " Sharjah",
          "Opponent": "Sunrisers Hyderabad ",
          "Result": "Sunrisers won by 10 wickets (with 17 balls remaining)"
     }
][
     {
          "Runs": "11",
          "Balls": "8",
          "Fours": "2",
          "Sixes": "0",
          "Strike Rate": "137.50",
          "Date": " Sep 19 2020",
          "Venue": " Abu Dhabi",
          "Opponent": "Chennai Super Kings ",
          "Result": "Super Kings won by 5 wickets (with 4 balls remaining)"
     }
]