[
     {
          "Runs": "41",
          "Balls": "25",
          "Fours": "2",
          "Sixes": "4",
          "Strike Rate": "164.00",
          "Date": " Nov 3 2020",
          "Venue": " Sharjah",
          "Opponent": "Sunrisers Hyderabad ",
          "Result": "Sunrisers won by 10 wickets (with 17 balls remaining)"
     }
][
     {
          "Runs": "18",
          "Balls": "14",
          "Fours": "1",
          "Sixes": "1",
          "Strike Rate": "128.57",
          "Date": " Sep 19 2020",
          "Venue": " Abu Dhabi",
          "Opponent": "Chennai Super Kings ",
          "Result": "Super Kings won by 5 wickets (with 4 balls remaining)"
     }
][
     {
          "Runs": "34",
          "Balls": "12",
          "Fours": "1",
          "Sixes": "4",
          "Strike Rate": "283.33",
          "Date": " Oct 18 2020",
          "Venue": " Dubai",
          "Opponent": "Punjab Kings ",
          "Result": "Match tied (Kings XI won the one-over eliminator)"
     }
][
     {
          "Runs": "60",
          "Balls": "24",
          "Fours": "3",
          "Sixes": "5",
          "Strike Rate": "250.00",
          "Date": " Sep 28 2020",
          "Venue": " Dubai",
          "Opponent": "Royal Challengers Bangalore ",
          "Result": "Match tied (RCB won the one-over eliminator)"
     }
][
     {
          "Runs": "13",
          "Balls": "7",
          "Fours": "1",
          "Sixes": "0",
          "Strike Rate": "185.71",
          "Date": " Sep 23 2020",
          "Venue": " Abu Dhabi",
          "Opponent": "Kolkata Knight Riders ",
          "Result": "Mum Indians won by 49 runs"
     }
][
     {
          "Runs": "47",
          "Balls": "20",
          "Fours": "3",
          "Sixes": "4",
          "Strike Rate": "235.00",
          "Date": " Oct 1 2020",
          "Venue": " Abu Dhabi",
          "Opponent": "Punjab Kings ",
          "Result": "Mum Indians won by 48 runs"
     }
][
     {
          "Runs": "9",
          "Balls": "4",
          "Fours": "2",
          "Sixes": "0",
          "Strike Rate": "225.00",
          "Date": " Nov 10 2020",
          "Venue": " Dubai",
          "Opponent": "Delhi Capitals ",
          "Result": "Mum Indians won by 5 wickets (with 8 balls remaining)"
     }
][
     {
          "Runs": "0",
          "Balls": "2",
          "Fours": "0",
          "Sixes": "0",
          "Strike Rate": "0.00",
          "Date": " Nov 5 2020",
          "Venue": " Dubai",
          "Opponent": "Delhi Capitals ",
          "Result": "Mum Indians won by 57 runs"
     }
][
     {
          "Runs": "11",
          "Balls": "14",
          "Fours": "1",
          "Sixes": "0",
          "Strike Rate": "78.57",
          "Date": " Oct 11 2020",
          "Venue": " Abu Dhabi",
          "Opponent": "Delhi Capitals ",
          "Result": "Mum Indians won by 5 wickets (with 2 balls remaining)"
     }
][
     {
          "Runs": "25",
          "Balls": "13",
          "Fours": "0",
          "Sixes": "3",
          "Strike Rate": "192.31",
          "Date": " Oct 4 2020",
          "Venue": " Sharjah",
          "Opponent": "Sunrisers Hyderabad ",
          "Result": "Mum Indians won by 34 runs"
     }
]