[
     {
          "Runs": "6",
          "Balls": "4",
          "Fours": "0",
          "Sixes": "1",
          "Strike Rate": "150.00",
          "Date": " Oct 25 2020",
          "Venue": " Abu Dhabi",
          "Opponent": "Rajasthan Royals ",
          "Result": "Royals won by 8 wickets (with 10 balls remaining)"
     }
][
     {
          "Runs": "4",
          "Balls": "1",
          "Fours": "1",
          "Sixes": "0",
          "Strike Rate": "400.00",
          "Date": " Oct 28 2020",
          "Venue": " Abu Dhabi",
          "Opponent": "Royal Challengers Bangalore ",
          "Result": "Mum Indians won by 5 wickets (with 5 balls remaining)"
     }
]