[
     {
          "Runs": "0",
          "Balls": "3",
          "Fours": "0",
          "Sixes": "0",
          "Strike Rate": "0.00",
          "Date": " Nov 3 2020",
          "Venue": " Sharjah",
          "Opponent": "Sunrisers Hyderabad ",
          "Result": "Sunrisers won by 10 wickets (with 17 balls remaining)"
     }
][
     {
          "Runs": "3",
          "Balls": "3",
          "Fours": "0",
          "Sixes": "0",
          "Strike Rate": "100.00",
          "Date": " Sep 19 2020",
          "Venue": " Abu Dhabi",
          "Opponent": "Chennai Super Kings ",
          "Result": "Super Kings won by 5 wickets (with 4 balls remaining)"
     }
][
     {
          "Runs": "34",
          "Balls": "30",
          "Fours": "4",
          "Sixes": "1",
          "Strike Rate": "113.33",
          "Date": " Oct 18 2020",
          "Venue": " Dubai",
          "Opponent": "Punjab Kings ",
          "Result": "Match tied (Kings XI won the one-over eliminator)"
     }
][
     {
          "Runs": "0",
          "Balls": "0",
          "Fours": "0",
          "Sixes": "0",
          "Strike Rate": "0.00",
          "Date": " Sep 28 2020",
          "Venue": " Dubai",
          "Opponent": "Royal Challengers Bangalore ",
          "Result": "Match tied (RCB won the one-over eliminator)"
     }
][
     {
          "Runs": "12",
          "Balls": "17",
          "Fours": "0",
          "Sixes": "1",
          "Strike Rate": "70.59",
          "Date": " Oct 6 2020",
          "Venue": " Abu Dhabi",
          "Opponent": "Rajasthan Royals ",
          "Result": "Mum Indians won by 57 runs"
     }
][
     {
          "Runs": "1",
          "Balls": "3",
          "Fours": "0",
          "Sixes": "0",
          "Strike Rate": "33.33",
          "Date": " Sep 23 2020",
          "Venue": " Abu Dhabi",
          "Opponent": "Kolkata Knight Riders ",
          "Result": "Mum Indians won by 49 runs"
     }
][
     {
          "Runs": "3",
          "Balls": "4",
          "Fours": "0",
          "Sixes": "0",
          "Strike Rate": "75.00",
          "Date": " Oct 25 2020",
          "Venue": " Abu Dhabi",
          "Opponent": "Rajasthan Royals ",
          "Result": "Royals won by 8 wickets (with 10 balls remaining)"
     }
][
     {
          "Runs": "1",
          "Balls": "1",
          "Fours": "0",
          "Sixes": "0",
          "Strike Rate": "100.00",
          "Date": " Nov 10 2020",
          "Venue": " Dubai",
          "Opponent": "Delhi Capitals ",
          "Result": "Mum Indians won by 5 wickets (with 8 balls remaining)"
     }
][
     {
          "Runs": "13",
          "Balls": "10",
          "Fours": "0",
          "Sixes": "1",
          "Strike Rate": "130.00",
          "Date": " Nov 5 2020",
          "Venue": " Dubai",
          "Opponent": "Delhi Capitals ",
          "Result": "Mum Indians won by 57 runs"
     }
][
     {
          "Runs": "12",
          "Balls": "7",
          "Fours": "2",
          "Sixes": "0",
          "Strike Rate": "171.43",
          "Date": " Oct 11 2020",
          "Venue": " Abu Dhabi",
          "Opponent": "Delhi Capitals ",
          "Result": "Mum Indians won by 5 wickets (with 2 balls remaining)"
     }
][
     {
          "Runs": "20",
          "Balls": "4",
          "Fours": "2",
          "Sixes": "2",
          "Strike Rate": "500.00",
          "Date": " Oct 4 2020",
          "Venue": " Sharjah",
          "Opponent": "Sunrisers Hyderabad ",
          "Result": "Mum Indians won by 34 runs"
     }
][
     {
          "Runs": "10",
          "Balls": "10",
          "Fours": "1",
          "Sixes": "0",
          "Strike Rate": "100.00",
          "Date": " Oct 28 2020",
          "Venue": " Abu Dhabi",
          "Opponent": "Royal Challengers Bangalore ",
          "Result": "Mum Indians won by 5 wickets (with 5 balls remaining)"
     }
]