[
     {
          "Runs": "25",
          "Balls": "13",
          "Fours": "2",
          "Sixes": "2",
          "Strike Rate": "192.31",
          "Date": " Nov 3 2020",
          "Venue": " Sharjah",
          "Opponent": "Sunrisers Hyderabad ",
          "Result": "Sunrisers won by 10 wickets (with 17 balls remaining)"
     }
][
     {
          "Runs": "33",
          "Balls": "20",
          "Fours": "5",
          "Sixes": "0",
          "Strike Rate": "165.00",
          "Date": " Sep 19 2020",
          "Venue": " Abu Dhabi",
          "Opponent": "Chennai Super Kings ",
          "Result": "Super Kings won by 5 wickets (with 4 balls remaining)"
     }
][
     {
          "Runs": "53",
          "Balls": "43",
          "Fours": "3",
          "Sixes": "3",
          "Strike Rate": "123.26",
          "Date": " Oct 18 2020",
          "Venue": " Dubai",
          "Opponent": "Punjab Kings ",
          "Result": "Match tied (Kings XI won the one-over eliminator)"
     }
][
     {
          "Runs": "14",
          "Balls": "15",
          "Fours": "1",
          "Sixes": "0",
          "Strike Rate": "93.33",
          "Date": " Sep 28 2020",
          "Venue": " Dubai",
          "Opponent": "Royal Challengers Bangalore ",
          "Result": "Match tied (RCB won the one-over eliminator)"
     }
][
     {
          "Runs": "46",
          "Balls": "37",
          "Fours": "5",
          "Sixes": "2",
          "Strike Rate": "124.32",
          "Date": " Oct 23 2020",
          "Venue": " Sharjah",
          "Opponent": "Chennai Super Kings ",
          "Result": "Mum Indians won by 10 wickets (with 46 balls remaining)"
     }
][
     {
          "Runs": "23",
          "Balls": "15",
          "Fours": "3",
          "Sixes": "1",
          "Strike Rate": "153.33",
          "Date": " Oct 6 2020",
          "Venue": " Abu Dhabi",
          "Opponent": "Rajasthan Royals ",
          "Result": "Mum Indians won by 57 runs"
     }
][
     {
          "Runs": "1",
          "Balls": "3",
          "Fours": "0",
          "Sixes": "0",
          "Strike Rate": "33.33",
          "Date": " Sep 23 2020",
          "Venue": " Abu Dhabi",
          "Opponent": "Kolkata Knight Riders ",
          "Result": "Mum Indians won by 49 runs"
     }
][
     {
          "Runs": "0",
          "Balls": "5",
          "Fours": "0",
          "Sixes": "0",
          "Strike Rate": "0.00",
          "Date": " Oct 1 2020",
          "Venue": " Abu Dhabi",
          "Opponent": "Punjab Kings ",
          "Result": "Mum Indians won by 48 runs"
     }
][
     {
          "Runs": "6",
          "Balls": "4",
          "Fours": "0",
          "Sixes": "1",
          "Strike Rate": "150.00",
          "Date": " Oct 25 2020",
          "Venue": " Abu Dhabi",
          "Opponent": "Rajasthan Royals ",
          "Result": "Royals won by 8 wickets (with 10 balls remaining)"
     }
][
     {
          "Runs": "26",
          "Balls": "28",
          "Fours": "2",
          "Sixes": "0",
          "Strike Rate": "92.86",
          "Date": " Oct 31 2020",
          "Venue": " Dubai",
          "Opponent": "Delhi Capitals ",
          "Result": "Mum Indians won by 9 wickets (with 34 balls remaining)"
     }
][
     {
          "Runs": "20",
          "Balls": "12",
          "Fours": "3",
          "Sixes": "1",
          "Strike Rate": "166.67",
          "Date": " Nov 10 2020",
          "Venue": " Dubai",
          "Opponent": "Delhi Capitals ",
          "Result": "Mum Indians won by 5 wickets (with 8 balls remaining)"
     }
][
     {
          "Runs": "40",
          "Balls": "25",
          "Fours": "5",
          "Sixes": "1",
          "Strike Rate": "160.00",
          "Date": " Nov 5 2020",
          "Venue": " Dubai",
          "Opponent": "Delhi Capitals ",
          "Result": "Mum Indians won by 57 runs"
     }
][
     {
          "Runs": "53",
          "Balls": "36",
          "Fours": "4",
          "Sixes": "3",
          "Strike Rate": "147.22",
          "Date": " Oct 11 2020",
          "Venue": " Abu Dhabi",
          "Opponent": "Delhi Capitals ",
          "Result": "Mum Indians won by 5 wickets (with 2 balls remaining)"
     }
][
     {
          "Runs": "67",
          "Balls": "39",
          "Fours": "4",
          "Sixes": "4",
          "Strike Rate": "171.79",
          "Date": " Oct 4 2020",
          "Venue": " Sharjah",
          "Opponent": "Sunrisers Hyderabad ",
          "Result": "Mum Indians won by 34 runs"
     }
][
     {
          "Runs": "18",
          "Balls": "19",
          "Fours": "0",
          "Sixes": "1",
          "Strike Rate": "94.74",
          "Date": " Oct 28 2020",
          "Venue": " Abu Dhabi",
          "Opponent": "Royal Challengers Bangalore ",
          "Result": "Mum Indians won by 5 wickets (with 5 balls remaining)"
     }
][
     {
          "Runs": "78",
          "Balls": "44",
          "Fours": "9",
          "Sixes": "3",
          "Strike Rate": "177.27",
          "Date": " Oct 16 2020",
          "Venue": " Abu Dhabi",
          "Opponent": "Kolkata Knight Riders ",
          "Result": "Mum Indians won by 8 wickets (with 19 balls remaining)"
     }
]