[
     {
          "Runs": "1",
          "Balls": "3",
          "Fours": "0",
          "Sixes": "0",
          "Strike Rate": "33.33",
          "Date": " Nov 3 2020",
          "Venue": " Sharjah",
          "Opponent": "Sunrisers Hyderabad ",
          "Result": "Sunrisers won by 10 wickets (with 17 balls remaining)"
     }
][
     {
          "Runs": "42",
          "Balls": "31",
          "Fours": "3",
          "Sixes": "1",
          "Strike Rate": "135.48",
          "Date": " Sep 19 2020",
          "Venue": " Abu Dhabi",
          "Opponent": "Chennai Super Kings ",
          "Result": "Super Kings won by 5 wickets (with 4 balls remaining)"
     }
][
     {
          "Runs": "21",
          "Balls": "13",
          "Fours": "1",
          "Sixes": "1",
          "Strike Rate": "161.54",
          "Date": " Sep 23 2020",
          "Venue": " Abu Dhabi",
          "Opponent": "Kolkata Knight Riders ",
          "Result": "Mum Indians won by 49 runs"
     }
][
     {
          "Runs": "34",
          "Balls": "25",
          "Fours": "4",
          "Sixes": "1",
          "Strike Rate": "136.00",
          "Date": " Oct 25 2020",
          "Venue": " Abu Dhabi",
          "Opponent": "Rajasthan Royals ",
          "Result": "Royals won by 8 wickets (with 10 balls remaining)"
     }
][
     {
          "Runs": "5",
          "Balls": "8",
          "Fours": "0",
          "Sixes": "0",
          "Strike Rate": "62.50",
          "Date": " Oct 28 2020",
          "Venue": " Abu Dhabi",
          "Opponent": "Royal Challengers Bangalore ",
          "Result": "Mum Indians won by 5 wickets (with 5 balls remaining)"
     }
]