[
     {
          "Runs": "36",
          "Balls": "29",
          "Fours": "5",
          "Sixes": "0",
          "Strike Rate": "124.14",
          "Date": " Nov 3 2020",
          "Venue": " Sharjah",
          "Opponent": "Sunrisers Hyderabad ",
          "Result": "Sunrisers won by 10 wickets (with 17 balls remaining)"
     }
][
     {
          "Runs": "17",
          "Balls": "16",
          "Fours": "2",
          "Sixes": "0",
          "Strike Rate": "106.25",
          "Date": " Sep 19 2020",
          "Venue": " Abu Dhabi",
          "Opponent": "Chennai Super Kings ",
          "Result": "Super Kings won by 5 wickets (with 4 balls remaining)"
     }
][
     {
          "Runs": "0",
          "Balls": "4",
          "Fours": "0",
          "Sixes": "0",
          "Strike Rate": "0.00",
          "Date": " Oct 18 2020",
          "Venue": " Dubai",
          "Opponent": "Punjab Kings ",
          "Result": "Match tied (Kings XI won the one-over eliminator)"
     }
][
     {
          "Runs": "0",
          "Balls": "2",
          "Fours": "0",
          "Sixes": "0",
          "Strike Rate": "0.00",
          "Date": " Sep 28 2020",
          "Venue": " Dubai",
          "Opponent": "Royal Challengers Bangalore ",
          "Result": "Match tied (RCB won the one-over eliminator)"
     }
][
     {
          "Runs": "79",
          "Balls": "47",
          "Fours": "11",
          "Sixes": "2",
          "Strike Rate": "168.09",
          "Date": " Oct 6 2020",
          "Venue": " Abu Dhabi",
          "Opponent": "Rajasthan Royals ",
          "Result": "Mum Indians won by 57 runs"
     }
][
     {
          "Runs": "47",
          "Balls": "28",
          "Fours": "6",
          "Sixes": "1",
          "Strike Rate": "167.86",
          "Date": " Sep 23 2020",
          "Venue": " Abu Dhabi",
          "Opponent": "Kolkata Knight Riders ",
          "Result": "Mum Indians won by 49 runs"
     }
][
     {
          "Runs": "10",
          "Balls": "7",
          "Fours": "2",
          "Sixes": "0",
          "Strike Rate": "142.86",
          "Date": " Oct 1 2020",
          "Venue": " Abu Dhabi",
          "Opponent": "Punjab Kings ",
          "Result": "Mum Indians won by 48 runs"
     }
][
     {
          "Runs": "40",
          "Balls": "26",
          "Fours": "4",
          "Sixes": "1",
          "Strike Rate": "153.85",
          "Date": " Oct 25 2020",
          "Venue": " Abu Dhabi",
          "Opponent": "Rajasthan Royals ",
          "Result": "Royals won by 8 wickets (with 10 balls remaining)"
     }
][
     {
          "Runs": "12",
          "Balls": "11",
          "Fours": "1",
          "Sixes": "0",
          "Strike Rate": "109.09",
          "Date": " Oct 31 2020",
          "Venue": " Dubai",
          "Opponent": "Delhi Capitals ",
          "Result": "Mum Indians won by 9 wickets (with 34 balls remaining)"
     }
][
     {
          "Runs": "19",
          "Balls": "20",
          "Fours": "1",
          "Sixes": "1",
          "Strike Rate": "95.00",
          "Date": " Nov 10 2020",
          "Venue": " Dubai",
          "Opponent": "Delhi Capitals ",
          "Result": "Mum Indians won by 5 wickets (with 8 balls remaining)"
     }
][
     {
          "Runs": "51",
          "Balls": "38",
          "Fours": "6",
          "Sixes": "2",
          "Strike Rate": "134.21",
          "Date": " Nov 5 2020",
          "Venue": " Dubai",
          "Opponent": "Delhi Capitals ",
          "Result": "Mum Indians won by 57 runs"
     }
][
     {
          "Runs": "53",
          "Balls": "32",
          "Fours": "6",
          "Sixes": "1",
          "Strike Rate": "165.63",
          "Date": " Oct 11 2020",
          "Venue": " Abu Dhabi",
          "Opponent": "Delhi Capitals ",
          "Result": "Mum Indians won by 5 wickets (with 2 balls remaining)"
     }
][
     {
          "Runs": "27",
          "Balls": "18",
          "Fours": "6",
          "Sixes": "0",
          "Strike Rate": "150.00",
          "Date": " Oct 4 2020",
          "Venue": " Sharjah",
          "Opponent": "Sunrisers Hyderabad ",
          "Result": "Mum Indians won by 34 runs"
     }
][
     {
          "Runs": "79",
          "Balls": "43",
          "Fours": "10",
          "Sixes": "3",
          "Strike Rate": "183.72",
          "Date": " Oct 28 2020",
          "Venue": " Abu Dhabi",
          "Opponent": "Royal Challengers Bangalore ",
          "Result": "Mum Indians won by 5 wickets (with 5 balls remaining)"
     }
][
     {
          "Runs": "10",
          "Balls": "10",
          "Fours": "1",
          "Sixes": "0",
          "Strike Rate": "100.00",
          "Date": " Oct 16 2020",
          "Venue": " Abu Dhabi",
          "Opponent": "Kolkata Knight Riders ",
          "Result": "Mum Indians won by 8 wickets (with 19 balls remaining)"
     }
]