[
     {
          "Runs": "2",
          "Balls": "9",
          "Fours": "0",
          "Sixes": "0",
          "Strike Rate": "22.22",
          "Date": " Oct 14 2020",
          "Venue": " Dubai",
          "Opponent": "Rajasthan Royals ",
          "Result": "Capitals won by 13 runs"
     }
][
     {
          "Runs": "26",
          "Balls": "19",
          "Fours": "3",
          "Sixes": "1",
          "Strike Rate": "136.84",
          "Date": " Oct 27 2020",
          "Venue": " Dubai",
          "Opponent": "Sunrisers Hyderabad ",
          "Result": "Sunrisers won by 88 runs"
     }
][
     {
          "Runs": "60",
          "Balls": "46",
          "Fours": "5",
          "Sixes": "1",
          "Strike Rate": "130.43",
          "Date": " Nov 2 2020",
          "Venue": " Abu Dhabi",
          "Opponent": "Royal Challengers Bangalore ",
          "Result": "Capitals won by 6 wickets (with 6 balls remaining)"
     }
][
     {
          "Runs": "8",
          "Balls": "10",
          "Fours": "1",
          "Sixes": "0",
          "Strike Rate": "80.00",
          "Date": " Oct 17 2020",
          "Venue": " Sharjah",
          "Opponent": "Chennai Super Kings ",
          "Result": "Capitals won by 5 wickets (with 1 ball remaining)"
     }
][
     {
          "Runs": "0",
          "Balls": "1",
          "Fours": "0",
          "Sixes": "0",
          "Strike Rate": "0.00",
          "Date": " Oct 24 2020",
          "Venue": " Abu Dhabi",
          "Opponent": "Kolkata Knight Riders ",
          "Result": "KKR won by 59 runs"
     }
][
     {
          "Runs": "2",
          "Balls": "4",
          "Fours": "0",
          "Sixes": "0",
          "Strike Rate": "50.00",
          "Date": " Nov 10 2020",
          "Venue": " Dubai",
          "Opponent": "Mumbai Indians ",
          "Result": "Mum Indians won by 5 wickets (with 8 balls remaining)"
     }
][
     {
          "Runs": "0",
          "Balls": "3",
          "Fours": "0",
          "Sixes": "0",
          "Strike Rate": "0.00",
          "Date": " Nov 5 2020",
          "Venue": " Dubai",
          "Opponent": "Mumbai Indians ",
          "Result": "Mum Indians won by 57 runs"
     }
][
     {
          "Runs": "15",
          "Balls": "15",
          "Fours": "3",
          "Sixes": "0",
          "Strike Rate": "100.00",
          "Date": " Oct 11 2020",
          "Venue": " Abu Dhabi",
          "Opponent": "Mumbai Indians ",
          "Result": "Mum Indians won by 5 wickets (with 2 balls remaining)"
     }
]