[
     {
          "Runs": "14",
          "Balls": "13",
          "Fours": "0",
          "Sixes": "1",
          "Strike Rate": "107.69",
          "Date": " Oct 14 2020",
          "Venue": " Dubai",
          "Opponent": "Rajasthan Royals ",
          "Result": "Capitals won by 13 runs"
     }
][
     {
          "Runs": "4",
          "Balls": "7",
          "Fours": "0",
          "Sixes": "0",
          "Strike Rate": "57.14",
          "Date": " Oct 17 2020",
          "Venue": " Sharjah",
          "Opponent": "Chennai Super Kings ",
          "Result": "Capitals won by 5 wickets (with 1 ball remaining)"
     }
][
     {
          "Runs": "14",
          "Balls": "9",
          "Fours": "0",
          "Sixes": "0",
          "Strike Rate": "155.56",
          "Date": " Oct 11 2020",
          "Venue": " Abu Dhabi",
          "Opponent": "Mumbai Indians ",
          "Result": "Mum Indians won by 5 wickets (with 2 balls remaining)"
     }
]