[
     {
          "Runs": "7",
          "Balls": "4",
          "Fours": "1",
          "Sixes": "0",
          "Strike Rate": "175.00",
          "Date": " Oct 14 2020",
          "Venue": " Dubai",
          "Opponent": "Rajasthan Royals ",
          "Result": "Capitals won by 13 runs"
     }
][
     {
          "Runs": "6",
          "Balls": "9",
          "Fours": "0",
          "Sixes": "0",
          "Strike Rate": "66.67",
          "Date": " Sep 20 2020",
          "Venue": " Dubai",
          "Opponent": "Punjab Kings ",
          "Result": "Match tied (Capitals won the one-over eliminator)"
     }
][
     {
          "Runs": "1",
          "Balls": "4",
          "Fours": "0",
          "Sixes": "0",
          "Strike Rate": "25.00",
          "Date": " Oct 27 2020",
          "Venue": " Dubai",
          "Opponent": "Sunrisers Hyderabad ",
          "Result": "Sunrisers won by 88 runs"
     }
][
     {
          "Runs": "21",
          "Balls": "5",
          "Fours": "0",
          "Sixes": "3",
          "Strike Rate": "420.00",
          "Date": " Oct 17 2020",
          "Venue": " Sharjah",
          "Opponent": "Chennai Super Kings ",
          "Result": "Capitals won by 5 wickets (with 1 ball remaining)"
     }
][
     {
          "Runs": "9",
          "Balls": "7",
          "Fours": "0",
          "Sixes": "1",
          "Strike Rate": "128.57",
          "Date": " Oct 24 2020",
          "Venue": " Abu Dhabi",
          "Opponent": "Kolkata Knight Riders ",
          "Result": "KKR won by 59 runs"
     }
][
     {
          "Runs": "5",
          "Balls": "6",
          "Fours": "0",
          "Sixes": "0",
          "Strike Rate": "83.33",
          "Date": " Sep 29 2020",
          "Venue": " Abu Dhabi",
          "Opponent": "Sunrisers Hyderabad ",
          "Result": "Sunrisers won by 15 runs"
     }
][
     {
          "Runs": "17",
          "Balls": "8",
          "Fours": "2",
          "Sixes": "1",
          "Strike Rate": "212.50",
          "Date": " Oct 9 2020",
          "Venue": " Sharjah",
          "Opponent": "Rajasthan Royals ",
          "Result": "Capitals won by 46 runs"
     }
][
     {
          "Runs": "9",
          "Balls": "9",
          "Fours": "1",
          "Sixes": "0",
          "Strike Rate": "100.00",
          "Date": " Nov 10 2020",
          "Venue": " Dubai",
          "Opponent": "Mumbai Indians ",
          "Result": "Mum Indians won by 5 wickets (with 8 balls remaining)"
     }
][
     {
          "Runs": "42",
          "Balls": "33",
          "Fours": "2",
          "Sixes": "3",
          "Strike Rate": "127.27",
          "Date": " Nov 5 2020",
          "Venue": " Dubai",
          "Opponent": "Mumbai Indians ",
          "Result": "Mum Indians won by 57 runs"
     }
]