[
     {
          "Runs": "16",
          "Balls": "15",
          "Fours": "1",
          "Sixes": "0",
          "Strike Rate": "106.67",
          "Date": " Oct 9 2020",
          "Venue": " Sharjah",
          "Opponent": "Rajasthan Royals ",
          "Result": "Capitals won by 46 runs"
     }
][
     {
          "Runs": "5",
          "Balls": "9",
          "Fours": "1",
          "Sixes": "0",
          "Strike Rate": "55.56",
          "Date": " Oct 31 2020",
          "Venue": " Dubai",
          "Opponent": "Mumbai Indians ",
          "Result": "Mum Indians won by 9 wickets (with 34 balls remaining)"
     }
]