[
     {
          "Runs": "0",
          "Balls": "0",
          "Fours": "0",
          "Sixes": "0",
          "Strike Rate": "0.00",
          "Date": " Sep 20 2020",
          "Venue": " Dubai",
          "Opponent": "Punjab Kings ",
          "Result": "Match tied (Capitals won the one-over eliminator)"
     }
][
     {
          "Runs": "3",
          "Balls": "7",
          "Fours": "0",
          "Sixes": "0",
          "Strike Rate": "42.86",
          "Date": " Oct 27 2020",
          "Venue": " Dubai",
          "Opponent": "Sunrisers Hyderabad ",
          "Result": "Sunrisers won by 88 runs"
     }
][
     {
          "Runs": "9",
          "Balls": "10",
          "Fours": "1",
          "Sixes": "0",
          "Strike Rate": "90.00",
          "Date": " Oct 24 2020",
          "Venue": " Abu Dhabi",
          "Opponent": "Kolkata Knight Riders ",
          "Result": "KKR won by 59 runs"
     }
][
     {
          "Runs": "15",
          "Balls": "7",
          "Fours": "1",
          "Sixes": "1",
          "Strike Rate": "214.29",
          "Date": " Sep 29 2020",
          "Venue": " Abu Dhabi",
          "Opponent": "Sunrisers Hyderabad ",
          "Result": "Sunrisers won by 15 runs"
     }
][
     {
          "Runs": "2",
          "Balls": "3",
          "Fours": "0",
          "Sixes": "0",
          "Strike Rate": "66.67",
          "Date": " Oct 9 2020",
          "Venue": " Sharjah",
          "Opponent": "Rajasthan Royals ",
          "Result": "Capitals won by 46 runs"
     }
][
     {
          "Runs": "12",
          "Balls": "7",
          "Fours": "0",
          "Sixes": "1",
          "Strike Rate": "171.43",
          "Date": " Oct 31 2020",
          "Venue": " Dubai",
          "Opponent": "Mumbai Indians ",
          "Result": "Mum Indians won by 9 wickets (with 34 balls remaining)"
     }
][
     {
          "Runs": "0",
          "Balls": "0",
          "Fours": "0",
          "Sixes": "0",
          "Strike Rate": "0.00",
          "Date": " Nov 10 2020",
          "Venue": " Dubai",
          "Opponent": "Mumbai Indians ",
          "Result": "Mum Indians won by 5 wickets (with 8 balls remaining)"
     }
][
     {
          "Runs": "15",
          "Balls": "15",
          "Fours": "2",
          "Sixes": "0",
          "Strike Rate": "100.00",
          "Date": " Nov 5 2020",
          "Venue": " Dubai",
          "Opponent": "Mumbai Indians ",
          "Result": "Mum Indians won by 57 runs"
     }
]