[
     {
          "Runs": "18",
          "Balls": "19",
          "Fours": "1",
          "Sixes": "0",
          "Strike Rate": "94.74",
          "Date": " Oct 14 2020",
          "Venue": " Dubai",
          "Opponent": "Rajasthan Royals ",
          "Result": "Capitals won by 13 runs"
     }
][
     {
          "Runs": "53",
          "Balls": "21",
          "Fours": "7",
          "Sixes": "3",
          "Strike Rate": "252.38",
          "Date": " Sep 20 2020",
          "Venue": " Dubai",
          "Opponent": "Punjab Kings ",
          "Result": "Match tied (Capitals won the one-over eliminator)"
     }
][
     {
          "Runs": "1",
          "Balls": "3",
          "Fours": "0",
          "Sixes": "0",
          "Strike Rate": "33.33",
          "Date": " Oct 3 2020",
          "Venue": " Sharjah",
          "Opponent": "Kolkata Knight Riders ",
          "Result": "Capitals won by 18 runs"
     }
][
     {
          "Runs": "5",
          "Balls": "6",
          "Fours": "1",
          "Sixes": "0",
          "Strike Rate": "83.33",
          "Date": " Oct 27 2020",
          "Venue": " Dubai",
          "Opponent": "Sunrisers Hyderabad ",
          "Result": "Sunrisers won by 88 runs"
     }
][
     {
          "Runs": "10",
          "Balls": "5",
          "Fours": "0",
          "Sixes": "1",
          "Strike Rate": "200.00",
          "Date": " Nov 2 2020",
          "Venue": " Abu Dhabi",
          "Opponent": "Royal Challengers Bangalore ",
          "Result": "Capitals won by 6 wickets (with 6 balls remaining)"
     }
][
     {
          "Runs": "24",
          "Balls": "14",
          "Fours": "1",
          "Sixes": "2",
          "Strike Rate": "171.43",
          "Date": " Oct 17 2020",
          "Venue": " Sharjah",
          "Opponent": "Chennai Super Kings ",
          "Result": "Capitals won by 5 wickets (with 1 ball remaining)"
     }
][
     {
          "Runs": "6",
          "Balls": "6",
          "Fours": "0",
          "Sixes": "0",
          "Strike Rate": "100.00",
          "Date": " Oct 24 2020",
          "Venue": " Abu Dhabi",
          "Opponent": "Kolkata Knight Riders ",
          "Result": "KKR won by 59 runs"
     }
][
     {
          "Runs": "11",
          "Balls": "9",
          "Fours": "1",
          "Sixes": "0",
          "Strike Rate": "122.22",
          "Date": " Sep 29 2020",
          "Venue": " Abu Dhabi",
          "Opponent": "Sunrisers Hyderabad ",
          "Result": "Sunrisers won by 15 runs"
     }
][
     {
          "Runs": "38",
          "Balls": "27",
          "Fours": "5",
          "Sixes": "1",
          "Strike Rate": "140.74",
          "Date": " Nov 8 2020",
          "Venue": " Abu Dhabi",
          "Opponent": "Sunrisers Hyderabad ",
          "Result": "Capitals won by 17 runs"
     }
][
     {
          "Runs": "39",
          "Balls": "30",
          "Fours": "0",
          "Sixes": "4",
          "Strike Rate": "130.00",
          "Date": " Oct 9 2020",
          "Venue": " Sharjah",
          "Opponent": "Rajasthan Royals ",
          "Result": "Capitals won by 46 runs"
     }
][
     {
          "Runs": "2",
          "Balls": "3",
          "Fours": "0",
          "Sixes": "0",
          "Strike Rate": "66.67",
          "Date": " Oct 31 2020",
          "Venue": " Dubai",
          "Opponent": "Mumbai Indians ",
          "Result": "Mum Indians won by 9 wickets (with 34 balls remaining)"
     }
][
     {
          "Runs": "0",
          "Balls": "1",
          "Fours": "0",
          "Sixes": "0",
          "Strike Rate": "0.00",
          "Date": " Nov 10 2020",
          "Venue": " Dubai",
          "Opponent": "Mumbai Indians ",
          "Result": "Mum Indians won by 5 wickets (with 8 balls remaining)"
     }
][
     {
          "Runs": "65",
          "Balls": "46",
          "Fours": "6",
          "Sixes": "3",
          "Strike Rate": "141.30",
          "Date": " Nov 5 2020",
          "Venue": " Dubai",
          "Opponent": "Mumbai Indians ",
          "Result": "Mum Indians won by 57 runs"
     }
][
     {
          "Runs": "53",
          "Balls": "26",
          "Fours": "6",
          "Sixes": "2",
          "Strike Rate": "203.85",
          "Date": " Oct 5 2020",
          "Venue": " Dubai",
          "Opponent": "Royal Challengers Bangalore ",
          "Result": "Capitals won by 59 runs"
     }
][
     {
          "Runs": "13",
          "Balls": "8",
          "Fours": "2",
          "Sixes": "0",
          "Strike Rate": "162.50",
          "Date": " Oct 11 2020",
          "Venue": " Abu Dhabi",
          "Opponent": "Mumbai Indians ",
          "Result": "Mum Indians won by 5 wickets (with 2 balls remaining)"
     }
][
     {
          "Runs": "9",
          "Balls": "10",
          "Fours": "0",
          "Sixes": "0",
          "Strike Rate": "90.00",
          "Date": " Oct 20 2020",
          "Venue": " Dubai",
          "Opponent": "Punjab Kings ",
          "Result": "Kings XI won by 5 wickets (with 6 balls remaining)"
     }
][
     {
          "Runs": "5",
          "Balls": "3",
          "Fours": "1",
          "Sixes": "0",
          "Strike Rate": "166.67",
          "Date": " Sep 25 2020",
          "Venue": " Dubai",
          "Opponent": "Chennai Super Kings ",
          "Result": "Capitals won by 44 runs"
     }
]