[
     {
          "Runs": "0",
          "Balls": "1",
          "Fours": "0",
          "Sixes": "0",
          "Strike Rate": "0.00",
          "Date": " Oct 14 2020",
          "Venue": " Dubai",
          "Opponent": "Rajasthan Royals ",
          "Result": "Capitals won by 13 runs"
     }
][
     {
          "Runs": "5",
          "Balls": "9",
          "Fours": "1",
          "Sixes": "0",
          "Strike Rate": "55.56",
          "Date": " Sep 20 2020",
          "Venue": " Dubai",
          "Opponent": "Punjab Kings ",
          "Result": "Match tied (Capitals won the one-over eliminator)"
     }
][
     {
          "Runs": "66",
          "Balls": "41",
          "Fours": "4",
          "Sixes": "4",
          "Strike Rate": "160.98",
          "Date": " Oct 3 2020",
          "Venue": " Sharjah",
          "Opponent": "Kolkata Knight Riders ",
          "Result": "Capitals won by 18 runs"
     }
][
     {
          "Runs": "9",
          "Balls": "6",
          "Fours": "2",
          "Sixes": "0",
          "Strike Rate": "150.00",
          "Date": " Nov 2 2020",
          "Venue": " Abu Dhabi",
          "Opponent": "Royal Challengers Bangalore ",
          "Result": "Capitals won by 6 wickets (with 6 balls remaining)"
     }
][
     {
          "Runs": "0",
          "Balls": "2",
          "Fours": "0",
          "Sixes": "0",
          "Strike Rate": "0.00",
          "Date": " Oct 17 2020",
          "Venue": " Sharjah",
          "Opponent": "Chennai Super Kings ",
          "Result": "Capitals won by 5 wickets (with 1 ball remaining)"
     }
][
     {
          "Runs": "2",
          "Balls": "5",
          "Fours": "0",
          "Sixes": "0",
          "Strike Rate": "40.00",
          "Date": " Sep 29 2020",
          "Venue": " Abu Dhabi",
          "Opponent": "Sunrisers Hyderabad ",
          "Result": "Sunrisers won by 15 runs"
     }
][
     {
          "Runs": "19",
          "Balls": "10",
          "Fours": "2",
          "Sixes": "1",
          "Strike Rate": "190.00",
          "Date": " Oct 9 2020",
          "Venue": " Sharjah",
          "Opponent": "Rajasthan Royals ",
          "Result": "Capitals won by 46 runs"
     }
][
     {
          "Runs": "10",
          "Balls": "11",
          "Fours": "2",
          "Sixes": "0",
          "Strike Rate": "90.91",
          "Date": " Oct 31 2020",
          "Venue": " Dubai",
          "Opponent": "Mumbai Indians ",
          "Result": "Mum Indians won by 9 wickets (with 34 balls remaining)"
     }
][
     {
          "Runs": "0",
          "Balls": "2",
          "Fours": "0",
          "Sixes": "0",
          "Strike Rate": "0.00",
          "Date": " Nov 5 2020",
          "Venue": " Dubai",
          "Opponent": "Mumbai Indians ",
          "Result": "Mum Indians won by 57 runs"
     }
][
     {
          "Runs": "42",
          "Balls": "23",
          "Fours": "5",
          "Sixes": "2",
          "Strike Rate": "182.61",
          "Date": " Oct 5 2020",
          "Venue": " Dubai",
          "Opponent": "Royal Challengers Bangalore ",
          "Result": "Capitals won by 59 runs"
     }
][
     {
          "Runs": "4",
          "Balls": "3",
          "Fours": "1",
          "Sixes": "0",
          "Strike Rate": "133.33",
          "Date": " Oct 11 2020",
          "Venue": " Abu Dhabi",
          "Opponent": "Mumbai Indians ",
          "Result": "Mum Indians won by 5 wickets (with 2 balls remaining)"
     }
][
     {
          "Runs": "7",
          "Balls": "11",
          "Fours": "1",
          "Sixes": "0",
          "Strike Rate": "63.64",
          "Date": " Oct 20 2020",
          "Venue": " Dubai",
          "Opponent": "Punjab Kings ",
          "Result": "Kings XI won by 5 wickets (with 6 balls remaining)"
     }
][
     {
          "Runs": "64",
          "Balls": "43",
          "Fours": "9",
          "Sixes": "1",
          "Strike Rate": "148.84",
          "Date": " Sep 25 2020",
          "Venue": " Dubai",
          "Opponent": "Chennai Super Kings ",
          "Result": "Capitals won by 44 runs"
     }
]