[
     {
          "Runs": "0",
          "Balls": "0",
          "Fours": "0",
          "Sixes": "0",
          "Strike Rate": "0.00",
          "Date": " Oct 14 2020",
          "Venue": " Dubai",
          "Opponent": "Rajasthan Royals ",
          "Result": "Capitals won by 13 runs"
     }
][
     {
          "Runs": "4",
          "Balls": "6",
          "Fours": "0",
          "Sixes": "0",
          "Strike Rate": "66.67",
          "Date": " Sep 20 2020",
          "Venue": " Dubai",
          "Opponent": "Punjab Kings ",
          "Result": "Match tied (Capitals won the one-over eliminator)"
     }
][
     {
          "Runs": "7",
          "Balls": "5",
          "Fours": "1",
          "Sixes": "0",
          "Strike Rate": "140.00",
          "Date": " Oct 27 2020",
          "Venue": " Dubai",
          "Opponent": "Sunrisers Hyderabad ",
          "Result": "Sunrisers won by 88 runs"
     }
][
     {
          "Runs": "14",
          "Balls": "13",
          "Fours": "2",
          "Sixes": "0",
          "Strike Rate": "107.69",
          "Date": " Oct 24 2020",
          "Venue": " Abu Dhabi",
          "Opponent": "Kolkata Knight Riders ",
          "Result": "KKR won by 59 runs"
     }
][
     {
          "Runs": "0",
          "Balls": "1",
          "Fours": "0",
          "Sixes": "0",
          "Strike Rate": "0.00",
          "Date": " Oct 9 2020",
          "Venue": " Sharjah",
          "Opponent": "Rajasthan Royals ",
          "Result": "Capitals won by 46 runs"
     }
][
     {
          "Runs": "12",
          "Balls": "9",
          "Fours": "0",
          "Sixes": "1",
          "Strike Rate": "133.33",
          "Date": " Oct 31 2020",
          "Venue": " Dubai",
          "Opponent": "Mumbai Indians ",
          "Result": "Mum Indians won by 9 wickets (with 34 balls remaining)"
     }
]