[
     {
          "Runs": "31",
          "Balls": "29",
          "Fours": "4",
          "Sixes": "0",
          "Strike Rate": "106.90",
          "Date": " Sep 20 2020",
          "Venue": " Dubai",
          "Opponent": "Punjab Kings ",
          "Result": "Match tied (Capitals won the one-over eliminator)"
     }
][
     {
          "Runs": "38",
          "Balls": "17",
          "Fours": "5",
          "Sixes": "1",
          "Strike Rate": "223.53",
          "Date": " Oct 3 2020",
          "Venue": " Sharjah",
          "Opponent": "Kolkata Knight Riders ",
          "Result": "Capitals won by 18 runs"
     }
][
     {
          "Runs": "36",
          "Balls": "35",
          "Fours": "3",
          "Sixes": "1",
          "Strike Rate": "102.86",
          "Date": " Oct 27 2020",
          "Venue": " Dubai",
          "Opponent": "Sunrisers Hyderabad ",
          "Result": "Sunrisers won by 88 runs"
     }
][
     {
          "Runs": "8",
          "Balls": "7",
          "Fours": "1",
          "Sixes": "0",
          "Strike Rate": "114.29",
          "Date": " Nov 2 2020",
          "Venue": " Abu Dhabi",
          "Opponent": "Royal Challengers Bangalore ",
          "Result": "Capitals won by 6 wickets (with 6 balls remaining)"
     }
][
     {
          "Runs": "27",
          "Balls": "33",
          "Fours": "2",
          "Sixes": "1",
          "Strike Rate": "81.82",
          "Date": " Oct 24 2020",
          "Venue": " Abu Dhabi",
          "Opponent": "Kolkata Knight Riders ",
          "Result": "KKR won by 59 runs"
     }
][
     {
          "Runs": "28",
          "Balls": "27",
          "Fours": "1",
          "Sixes": "2",
          "Strike Rate": "103.70",
          "Date": " Sep 29 2020",
          "Venue": " Abu Dhabi",
          "Opponent": "Sunrisers Hyderabad ",
          "Result": "Sunrisers won by 15 runs"
     }
][
     {
          "Runs": "2",
          "Balls": "3",
          "Fours": "0",
          "Sixes": "0",
          "Strike Rate": "66.67",
          "Date": " Nov 8 2020",
          "Venue": " Abu Dhabi",
          "Opponent": "Sunrisers Hyderabad ",
          "Result": "Capitals won by 17 runs"
     }
][
     {
          "Runs": "5",
          "Balls": "9",
          "Fours": "0",
          "Sixes": "0",
          "Strike Rate": "55.56",
          "Date": " Oct 9 2020",
          "Venue": " Sharjah",
          "Opponent": "Rajasthan Royals ",
          "Result": "Capitals won by 46 runs"
     }
][
     {
          "Runs": "21",
          "Balls": "24",
          "Fours": "2",
          "Sixes": "0",
          "Strike Rate": "87.50",
          "Date": " Oct 31 2020",
          "Venue": " Dubai",
          "Opponent": "Mumbai Indians ",
          "Result": "Mum Indians won by 9 wickets (with 34 balls remaining)"
     }
][
     {
          "Runs": "56",
          "Balls": "38",
          "Fours": "4",
          "Sixes": "2",
          "Strike Rate": "147.37",
          "Date": " Nov 10 2020",
          "Venue": " Dubai",
          "Opponent": "Mumbai Indians ",
          "Result": "Mum Indians won by 5 wickets (with 8 balls remaining)"
     }
][
     {
          "Runs": "3",
          "Balls": "9",
          "Fours": "0",
          "Sixes": "0",
          "Strike Rate": "33.33",
          "Date": " Nov 5 2020",
          "Venue": " Dubai",
          "Opponent": "Mumbai Indians ",
          "Result": "Mum Indians won by 57 runs"
     }
][
     {
          "Runs": "37",
          "Balls": "25",
          "Fours": "3",
          "Sixes": "2",
          "Strike Rate": "148.00",
          "Date": " Oct 5 2020",
          "Venue": " Dubai",
          "Opponent": "Royal Challengers Bangalore ",
          "Result": "Capitals won by 59 runs"
     }
][
     {
          "Runs": "14",
          "Balls": "20",
          "Fours": "1",
          "Sixes": "0",
          "Strike Rate": "70.00",
          "Date": " Oct 20 2020",
          "Venue": " Dubai",
          "Opponent": "Punjab Kings ",
          "Result": "Kings XI won by 5 wickets (with 6 balls remaining)"
     }
][
     {
          "Runs": "37",
          "Balls": "25",
          "Fours": "5",
          "Sixes": "0",
          "Strike Rate": "148.00",
          "Date": " Sep 25 2020",
          "Venue": " Dubai",
          "Opponent": "Chennai Super Kings ",
          "Result": "Capitals won by 44 runs"
     }
]