[
     {
          "Runs": "7",
          "Balls": "13",
          "Fours": "1",
          "Sixes": "0",
          "Strike Rate": "53.85",
          "Date": " Sep 20 2020",
          "Venue": " Dubai",
          "Opponent": "Punjab Kings ",
          "Result": "Match tied (Capitals won the one-over eliminator)"
     }
][
     {
          "Runs": "7",
          "Balls": "5",
          "Fours": "0",
          "Sixes": "1",
          "Strike Rate": "140.00",
          "Date": " Oct 3 2020",
          "Venue": " Sharjah",
          "Opponent": "Kolkata Knight Riders ",
          "Result": "Capitals won by 18 runs"
     }
][
     {
          "Runs": "16",
          "Balls": "13",
          "Fours": "3",
          "Sixes": "0",
          "Strike Rate": "123.08",
          "Date": " Oct 27 2020",
          "Venue": " Dubai",
          "Opponent": "Sunrisers Hyderabad ",
          "Result": "Sunrisers won by 88 runs"
     }
][
     {
          "Runs": "10",
          "Balls": "5",
          "Fours": "0",
          "Sixes": "1",
          "Strike Rate": "200.00",
          "Date": " Oct 24 2020",
          "Venue": " Abu Dhabi",
          "Opponent": "Kolkata Knight Riders ",
          "Result": "KKR won by 59 runs"
     }
][
     {
          "Runs": "21",
          "Balls": "12",
          "Fours": "0",
          "Sixes": "2",
          "Strike Rate": "175.00",
          "Date": " Sep 29 2020",
          "Venue": " Abu Dhabi",
          "Opponent": "Sunrisers Hyderabad ",
          "Result": "Sunrisers won by 15 runs"
     }
][
     {
          "Runs": "42",
          "Balls": "22",
          "Fours": "4",
          "Sixes": "1",
          "Strike Rate": "190.91",
          "Date": " Nov 8 2020",
          "Venue": " Abu Dhabi",
          "Opponent": "Sunrisers Hyderabad ",
          "Result": "Capitals won by 17 runs"
     }
][
     {
          "Runs": "45",
          "Balls": "24",
          "Fours": "1",
          "Sixes": "5",
          "Strike Rate": "187.50",
          "Date": " Oct 9 2020",
          "Venue": " Sharjah",
          "Opponent": "Rajasthan Royals ",
          "Result": "Capitals won by 46 runs"
     }
][
     {
          "Runs": "11",
          "Balls": "13",
          "Fours": "1",
          "Sixes": "0",
          "Strike Rate": "84.62",
          "Date": " Oct 31 2020",
          "Venue": " Dubai",
          "Opponent": "Mumbai Indians ",
          "Result": "Mum Indians won by 9 wickets (with 34 balls remaining)"
     }
][
     {
          "Runs": "5",
          "Balls": "5",
          "Fours": "1",
          "Sixes": "0",
          "Strike Rate": "100.00",
          "Date": " Nov 10 2020",
          "Venue": " Dubai",
          "Opponent": "Mumbai Indians ",
          "Result": "Mum Indians won by 5 wickets (with 8 balls remaining)"
     }
][
     {
          "Runs": "11",
          "Balls": "7",
          "Fours": "0",
          "Sixes": "1",
          "Strike Rate": "157.14",
          "Date": " Oct 5 2020",
          "Venue": " Dubai",
          "Opponent": "Royal Challengers Bangalore ",
          "Result": "Capitals won by 59 runs"
     }
][
     {
          "Runs": "10",
          "Balls": "6",
          "Fours": "0",
          "Sixes": "1",
          "Strike Rate": "166.67",
          "Date": " Oct 20 2020",
          "Venue": " Dubai",
          "Opponent": "Punjab Kings ",
          "Result": "Kings XI won by 5 wickets (with 6 balls remaining)"
     }
]