[
     {
          "Runs": "53",
          "Balls": "43",
          "Fours": "3",
          "Sixes": "2",
          "Strike Rate": "123.26",
          "Date": " Oct 14 2020",
          "Venue": " Dubai",
          "Opponent": "Rajasthan Royals ",
          "Result": "Capitals won by 13 runs"
     }
][
     {
          "Runs": "39",
          "Balls": "32",
          "Fours": "0",
          "Sixes": "3",
          "Strike Rate": "121.88",
          "Date": " Sep 20 2020",
          "Venue": " Dubai",
          "Opponent": "Punjab Kings ",
          "Result": "Match tied (Capitals won the one-over eliminator)"
     }
][
     {
          "Runs": "88",
          "Balls": "38",
          "Fours": "7",
          "Sixes": "6",
          "Strike Rate": "231.58",
          "Date": " Oct 3 2020",
          "Venue": " Sharjah",
          "Opponent": "Kolkata Knight Riders ",
          "Result": "Capitals won by 18 runs"
     }
][
     {
          "Runs": "7",
          "Balls": "12",
          "Fours": "0",
          "Sixes": "0",
          "Strike Rate": "58.33",
          "Date": " Oct 27 2020",
          "Venue": " Dubai",
          "Opponent": "Sunrisers Hyderabad ",
          "Result": "Sunrisers won by 88 runs"
     }
][
     {
          "Runs": "7",
          "Balls": "9",
          "Fours": "0",
          "Sixes": "0",
          "Strike Rate": "77.78",
          "Date": " Nov 2 2020",
          "Venue": " Abu Dhabi",
          "Opponent": "Royal Challengers Bangalore ",
          "Result": "Capitals won by 6 wickets (with 6 balls remaining)"
     }
][
     {
          "Runs": "23",
          "Balls": "23",
          "Fours": "1",
          "Sixes": "1",
          "Strike Rate": "100.00",
          "Date": " Oct 17 2020",
          "Venue": " Sharjah",
          "Opponent": "Chennai Super Kings ",
          "Result": "Capitals won by 5 wickets (with 1 ball remaining)"
     }
][
     {
          "Runs": "47",
          "Balls": "38",
          "Fours": "5",
          "Sixes": "0",
          "Strike Rate": "123.68",
          "Date": " Oct 24 2020",
          "Venue": " Abu Dhabi",
          "Opponent": "Kolkata Knight Riders ",
          "Result": "KKR won by 59 runs"
     }
][
     {
          "Runs": "17",
          "Balls": "21",
          "Fours": "2",
          "Sixes": "0",
          "Strike Rate": "80.95",
          "Date": " Sep 29 2020",
          "Venue": " Abu Dhabi",
          "Opponent": "Sunrisers Hyderabad ",
          "Result": "Sunrisers won by 15 runs"
     }
][
     {
          "Runs": "21",
          "Balls": "20",
          "Fours": "1",
          "Sixes": "0",
          "Strike Rate": "105.00",
          "Date": " Nov 8 2020",
          "Venue": " Abu Dhabi",
          "Opponent": "Sunrisers Hyderabad ",
          "Result": "Capitals won by 17 runs"
     }
][
     {
          "Runs": "22",
          "Balls": "18",
          "Fours": "4",
          "Sixes": "0",
          "Strike Rate": "122.22",
          "Date": " Oct 9 2020",
          "Venue": " Sharjah",
          "Opponent": "Rajasthan Royals ",
          "Result": "Capitals won by 46 runs"
     }
][
     {
          "Runs": "25",
          "Balls": "29",
          "Fours": "1",
          "Sixes": "1",
          "Strike Rate": "86.21",
          "Date": " Oct 31 2020",
          "Venue": " Dubai",
          "Opponent": "Mumbai Indians ",
          "Result": "Mum Indians won by 9 wickets (with 34 balls remaining)"
     }
][
     {
          "Runs": "65",
          "Balls": "50",
          "Fours": "6",
          "Sixes": "2",
          "Strike Rate": "130.00",
          "Date": " Nov 10 2020",
          "Venue": " Dubai",
          "Opponent": "Mumbai Indians ",
          "Result": "Mum Indians won by 5 wickets (with 8 balls remaining)"
     }
][
     {
          "Runs": "12",
          "Balls": "8",
          "Fours": "3",
          "Sixes": "0",
          "Strike Rate": "150.00",
          "Date": " Nov 5 2020",
          "Venue": " Dubai",
          "Opponent": "Mumbai Indians ",
          "Result": "Mum Indians won by 57 runs"
     }
][
     {
          "Runs": "11",
          "Balls": "13",
          "Fours": "1",
          "Sixes": "0",
          "Strike Rate": "84.62",
          "Date": " Oct 5 2020",
          "Venue": " Dubai",
          "Opponent": "Royal Challengers Bangalore ",
          "Result": "Capitals won by 59 runs"
     }
][
     {
          "Runs": "42",
          "Balls": "33",
          "Fours": "5",
          "Sixes": "0",
          "Strike Rate": "127.27",
          "Date": " Oct 11 2020",
          "Venue": " Abu Dhabi",
          "Opponent": "Mumbai Indians ",
          "Result": "Mum Indians won by 5 wickets (with 2 balls remaining)"
     }
][
     {
          "Runs": "14",
          "Balls": "12",
          "Fours": "0",
          "Sixes": "1",
          "Strike Rate": "116.67",
          "Date": " Oct 20 2020",
          "Venue": " Dubai",
          "Opponent": "Punjab Kings ",
          "Result": "Kings XI won by 5 wickets (with 6 balls remaining)"
     }
][
     {
          "Runs": "26",
          "Balls": "22",
          "Fours": "1",
          "Sixes": "0",
          "Strike Rate": "118.18",
          "Date": " Sep 25 2020",
          "Venue": " Dubai",
          "Opponent": "Chennai Super Kings ",
          "Result": "Capitals won by 44 runs"
     }
]