[
     {
          "Runs": "20",
          "Balls": "9",
          "Fours": "2",
          "Sixes": "1",
          "Strike Rate": "222.22",
          "Date": " Oct 27 2020",
          "Venue": " Dubai",
          "Opponent": "Sunrisers Hyderabad ",
          "Result": "Sunrisers won by 88 runs"
     }
][
     {
          "Runs": "1",
          "Balls": "3",
          "Fours": "0",
          "Sixes": "0",
          "Strike Rate": "33.33",
          "Date": " Oct 24 2020",
          "Venue": " Abu Dhabi",
          "Opponent": "Kolkata Knight Riders ",
          "Result": "KKR won by 59 runs"
     }
]